"source","category","name","canonical_url","cli_identifier","scraped_description","implementation_prompt"
"Arlan Vault","","Amo hover button","https://arlan.me/vault/amo","","On amo a small pill button reveals a short video when you hover it, where the word puffs up into glossy 3D letters. The puffy part is only a video, so the button just plays it on hover and resets on leave, which means you can generate your own clip with any AI video model and drop it in.","Build an original interactive web study called **Amo hover button**. Start from this visual direction: On amo a small pill button reveals a short video when you hover it, where the word puffs up into glossy 3D letters. The puffy part is only a video, so the button just plays it on hover and resets on leave, which means you can generate your own clip with any AI video model and drop it in. Keep the effect focused on that single idea, expose the principal visual controls, make the resting state clear and accessible, provide a reduced-motion fallback, and avoid copying source code or proprietary artwork from the reference."
"Arlan Vault","","Apple's corners","https://arlan.me/vault/squircle","","A normal rounded corner has a tiny kink where it meets the flat edge. You feel it before you can name it. Apple fixes this with a squircle, a corner that eases in smooth. Here is the real one on a live button you can play with.","Build an original interactive web study called **Apple's corners**. Start from this visual direction: A normal rounded corner has a tiny kink where it meets the flat edge. You feel it before you can name it. Apple fixes this with a squircle, a corner that eases in smooth. Here is the real one on a live button you can play with. Keep the effect focused on that single idea, expose the principal visual controls, make the resting state clear and accessible, provide a reduced-motion fallback, and avoid copying source code or proprietary artwork from the reference."
"Arlan Vault","","Arcade pixel","https://arlan.me/vault/arcade-pixel","","The letters look pixelated, but there is no pixel grid anywhere: the word is just drawn tiny and blown up, so every little pixel becomes a big square.","Build an original interactive web study called **Arcade pixel**. Start from this visual direction: The letters look pixelated, but there is no pixel grid anywhere: the word is just drawn tiny and blown up, so every little pixel becomes a big square. Keep the effect focused on that single idea, expose the principal visual controls, make the resting state clear and accessible, provide a reduced-motion fallback, and avoid copying source code or proprietary artwork from the reference."
"Arlan Vault","","Chromatic glow","https://arlan.me/vault/chroma-glow","","I wanted light that blooms out soft and pulls the colors apart at the edges.","Build an original interactive web study called **Chromatic glow**. Start from this visual direction: I wanted light that blooms out soft and pulls the colors apart at the edges. Keep the effect focused on that single idea, expose the principal visual controls, make the resting state clear and accessible, provide a reduced-motion fallback, and avoid copying source code or proprietary artwork from the reference."
"Arlan Vault","","Dia Browser's gradient","https://arlan.me/vault/dia-gradient","","Dia Browser has a soft glow at the bottom of the screen. A row of blurry colour bars, short on the sides and tall in the middle, going from dark up through blue, white, yellow, red and pink, then fading out at the top. It grows up from the floor when the page loads.","Build an original interactive web study called **Dia Browser's gradient**. Start from this visual direction: Dia Browser has a soft glow at the bottom of the screen. A row of blurry colour bars, short on the sides and tall in the middle, going from dark up through blue, white, yellow, red and pink, then fading out at the top. It grows up from the floor when the page loads. Keep the effect focused on that single idea, expose the principal visual controls, make the resting state clear and accessible, provide a reduced-motion fallback, and avoid copying source code or proprietary artwork from the reference."
"Arlan Vault","","Fade motion","https://arlan.me/vault/fade-motion","","Thought this was a blur. It's two hundred copies of the word stacked almost invisibly, and the fade is just where a lot of them piled up.","Build an original interactive web study called **Fade motion**. Start from this visual direction: Thought this was a blur. It's two hundred copies of the word stacked almost invisibly, and the fade is just where a lot of them piled up. Keep the effect focused on that single idea, expose the principal visual controls, make the resting state clear and accessible, provide a reduced-motion fallback, and avoid copying source code or proprietary artwork from the reference."
"Arlan Vault","","Figma vector editor","https://arlan.me/vault/vector-editor","","You know that Figma look everyone copies: the thin blue box around a thing, the little corner squares, the size tag under it, and the dots you grab to bend a shape. I wanted to see if I could build it for the web, so here it is.","Build an original interactive web study called **Figma vector editor**. Start from this visual direction: You know that Figma look everyone copies: the thin blue box around a thing, the little corner squares, the size tag under it, and the dots you grab to bend a shape. I wanted to see if I could build it for the web, so here it is. Keep the effect focused on that single idea, expose the principal visual controls, make the resting state clear and accessible, provide a reduced-motion fallback, and avoid copying source code or proprietary artwork from the reference."
"Arlan Vault","","Ghosty reveal","https://arlan.me/vault/ghosty-reveal","","I love it when photos do not just fade in. The good ones bleed in through a soft, cloudy edge, like the image is forming out of fog. It looks expensive and hard to build. It is neither.","Build an original interactive web study called **Ghosty reveal**. Start from this visual direction: I love it when photos do not just fade in. The good ones bleed in through a soft, cloudy edge, like the image is forming out of fog. It looks expensive and hard to build. It is neither. Keep the effect focused on that single idea, expose the principal visual controls, make the resting state clear and accessible, provide a reduced-motion fallback, and avoid copying source code or proprietary artwork from the reference."
"Arlan Vault","","Holo","https://arlan.me/vault/holo","","Airbnb's identity card, rebuilt as a holo card for my girlfriend. Tilt it and the foil catches the light, the hearts come up on the side you turned, and her photo flips its colours.","Build an original interactive web study called **Holo**. Start from this visual direction: Airbnb's identity card, rebuilt as a holo card for my girlfriend. Tilt it and the foil catches the light, the hearts come up on the side you turned, and her photo flips its colours. Keep the effect focused on that single idea, expose the principal visual controls, make the resting state clear and accessible, provide a reduced-motion fallback, and avoid copying source code or proprietary artwork from the reference."
"Arlan Vault","","Kinetic typography","https://arlan.me/vault/kinetic-typography","","A letter is cut into a grid of tiles, and each tile slips on its own wave, so the whole letter ripples like water.","Build an original interactive web study called **Kinetic typography**. Start from this visual direction: A letter is cut into a grid of tiles, and each tile slips on its own wave, so the whole letter ripples like water. Keep the effect focused on that single idea, expose the principal visual controls, make the resting state clear and accessible, provide a reduced-motion fallback, and avoid copying source code or proprietary artwork from the reference."
"Arlan Vault","","Liquid UI","https://arlan.me/vault/liquid-ui","","I love UI where two cards fuse and the corner between them bends inward, like they were poured together, so I built a tiny engine that just makes it from code instead of drawing it by hand. Drag the cards below to watch the join re-flow, and turn one knob to go from crisp joints all the way to soft gooey blobs.","Build an original interactive web study called **Liquid UI**. Start from this visual direction: I love UI where two cards fuse and the corner between them bends inward, like they were poured together, so I built a tiny engine that just makes it from code instead of drawing it by hand. Drag the cards below to watch the join re-flow, and turn one knob to go from crisp joints all the way to soft gooey blobs. Keep the effect focused on that single idea, expose the principal visual controls, make the resting state clear and accessible, provide a reduced-motion fallback, and avoid copying source code or proprietary artwork from the reference."
"Arlan Vault","","Midjourney Medical's ASCII","https://arlan.me/vault/midjourney","","This is the Midjourney Medical page. When it loads, a bunch of letters spin around and slowly form the Midjourney name. The cool part is that it's not a video or an image. It's all real text that the code moves around live.","Build an original interactive web study called **Midjourney Medical's ASCII**. Start from this visual direction: This is the Midjourney Medical page. When it loads, a bunch of letters spin around and slowly form the Midjourney name. The cool part is that it's not a video or an image. It's all real text that the code moves around live. Keep the effect focused on that single idea, expose the principal visual controls, make the resting state clear and accessible, provide a reduced-motion fallback, and avoid copying source code or proprietary artwork from the reference."
"Arlan Vault","","Pixel brushes","https://arlan.me/vault/pixel-brushes","","A brush is a small shape stamped over and over along a path, and a handful of numbers turn the same code into a crisp line or a loose spray.","Build an original interactive web study called **Pixel brushes**. Start from this visual direction: A brush is a small shape stamped over and over along a path, and a handful of numbers turn the same code into a crisp line or a loose spray. Keep the effect focused on that single idea, expose the principal visual controls, make the resting state clear and accessible, provide a reduced-motion fallback, and avoid copying source code or proprietary artwork from the reference."
"Arlan Vault","","Ransom note","https://arlan.me/vault/ransom-note","","I always liked the ransom-note look, where every letter is torn from a different magazine and taped down crooked. So I took a set of real cut-out letters and made it into something you can type with.","Build an original interactive web study called **Ransom note**. Start from this visual direction: I always liked the ransom-note look, where every letter is torn from a different magazine and taped down crooked. So I took a set of real cut-out letters and made it into something you can type with. Keep the effect focused on that single idea, expose the principal visual controls, make the resting state clear and accessible, provide a reduced-motion fallback, and avoid copying source code or proprietary artwork from the reference."
"Arlan Vault","","Realistic emboss","https://arlan.me/vault/emboss","","Really liked the emboss effect people do, so I replicated it in web.","Build an original interactive web study called **Realistic emboss**. Start from this visual direction: Really liked the emboss effect people do, so I replicated it in web. Keep the effect focused on that single idea, expose the principal visual controls, make the resting state clear and accessible, provide a reduced-motion fallback, and avoid copying source code or proprietary artwork from the reference."
"Arlan Vault","","Symbols effect","https://arlan.me/vault/sandbox","","Drop in an image or a video and it gets cut into four brightness bands. Each band is stamped with a tiny symbol, tinted with its own colour, so the picture is rebuilt out of little marks. It all runs on the GPU, so video plays through it live.","Build an original interactive web study called **Symbols effect**. Start from this visual direction: Drop in an image or a video and it gets cut into four brightness bands. Each band is stamped with a tiny symbol, tinted with its own colour, so the picture is rebuilt out of little marks. It all runs on the GPU, so video plays through it live. Keep the effect focused on that single idea, expose the principal visual controls, make the resting state clear and accessible, provide a reduced-motion fallback, and avoid copying source code or proprietary artwork from the reference."
"Arlan Vault","","The art of color depth","https://arlan.me/vault/color-depth","","Buttons that feel like real objects, glossy glass or brushed metal or a soft cushion. They look expensive and slow to make. They are neither.","Build an original interactive web study called **The art of color depth**. Start from this visual direction: Buttons that feel like real objects, glossy glass or brushed metal or a soft cushion. They look expensive and slow to make. They are neither. Keep the effect focused on that single idea, expose the principal visual controls, make the resting state clear and accessible, provide a reduced-motion fallback, and avoid copying source code or proprietary artwork from the reference."
"Arlan Vault","","The typer","https://arlan.me/vault/typer","","Most headlines fade in. The nice ones type in. A wave runs across the line, and as it passes each letter the letter flickers through a few states, a solid pill, a highlight, an outlined pill, then lands on plain text. Letters next to each other in the same state merge into one long rounded bar.","Build an original interactive web study called **The typer**. Start from this visual direction: Most headlines fade in. The nice ones type in. A wave runs across the line, and as it passes each letter the letter flickers through a few states, a solid pill, a highlight, an outlined pill, then lands on plain text. Letters next to each other in the same state merge into one long rounded bar. Keep the effect focused on that single idea, expose the principal visual controls, make the resting state clear and accessible, provide a reduced-motion fallback, and avoid copying source code or proprietary artwork from the reference."
"React Bits","Animations","Animated Content","https://www.reactbits.dev/animations/animated-content","AnimatedContent","Wrapper that animates any children on scroll or mount with configurable direction, distance, duration, easing and disappear options.","Build an original, reusable React component called **Animated Content**. Its visual behaviour should be: Wrapper that animates any children on scroll or mount with configurable direction, distance, duration, easing and disappear options. Expose sensible props for content, colours, size, timing, intensity, and interaction; preserve keyboard access where it is interactive; avoid unnecessary animation under `prefers-reduced-motion`; and pause expensive rendering while off-screen or the tab is hidden. Use a clean TypeScript API and do not copy React Bits source code."
"React Bits","Animations","Antigravity","https://www.reactbits.dev/animations/antigravity","Antigravity","3D antigravity particle field that repels from the cursor with smooth motion.","Build an original, reusable React component called **Antigravity**. Its visual behaviour should be: 3D antigravity particle field that repels from the cursor with smooth motion. Expose sensible props for content, colours, size, timing, intensity, and interaction; preserve keyboard access where it is interactive; avoid unnecessary animation under `prefers-reduced-motion`; and pause expensive rendering while off-screen or the tab is hidden. Use a clean TypeScript API and do not copy React Bits source code."
"React Bits","Animations","Blob Cursor","https://www.reactbits.dev/animations/blob-cursor","BlobCursor","Organic blob cursor that smoothly follows the pointer with inertia and elastic morphing.","Build an original, reusable React component called **Blob Cursor**. Its visual behaviour should be: Organic blob cursor that smoothly follows the pointer with inertia and elastic morphing. Expose sensible props for content, colours, size, timing, intensity, and interaction; preserve keyboard access where it is interactive; avoid unnecessary animation under `prefers-reduced-motion`; and pause expensive rendering while off-screen or the tab is hidden. Use a clean TypeScript API and do not copy React Bits source code."
"React Bits","Animations","Click Spark","https://www.reactbits.dev/animations/click-spark","ClickSpark","Creates particle spark bursts at click position.","Build an original, reusable React component called **Click Spark**. Its visual behaviour should be: Creates particle spark bursts at click position. Expose sensible props for content, colours, size, timing, intensity, and interaction; preserve keyboard access where it is interactive; avoid unnecessary animation under `prefers-reduced-motion`; and pause expensive rendering while off-screen or the tab is hidden. Use a clean TypeScript API and do not copy React Bits source code."
"React Bits","Animations","Crosshair","https://www.reactbits.dev/animations/crosshair","Crosshair","Custom crosshair cursor with tracking, and link hover effects.","Build an original, reusable React component called **Crosshair**. Its visual behaviour should be: Custom crosshair cursor with tracking, and link hover effects. Expose sensible props for content, colours, size, timing, intensity, and interaction; preserve keyboard access where it is interactive; avoid unnecessary animation under `prefers-reduced-motion`; and pause expensive rendering while off-screen or the tab is hidden. Use a clean TypeScript API and do not copy React Bits source code."
"React Bits","Animations","Cubes","https://www.reactbits.dev/animations/cubes","Cubes","3D rotating cube cluster. Supports auto-rotation or hover interaction.","Build an original, reusable React component called **Cubes**. Its visual behaviour should be: 3D rotating cube cluster. Supports auto-rotation or hover interaction. Expose sensible props for content, colours, size, timing, intensity, and interaction; preserve keyboard access where it is interactive; avoid unnecessary animation under `prefers-reduced-motion`; and pause expensive rendering while off-screen or the tab is hidden. Use a clean TypeScript API and do not copy React Bits source code."
"React Bits","Animations","Cursor Grid","https://www.reactbits.dev/animations/cursor-grid","CursorGrid","Canvas grid whose cells light up around the cursor with configurable radius, falloff and click pulses.","Build an original, reusable React component called **Cursor Grid**. Its visual behaviour should be: Canvas grid whose cells light up around the cursor with configurable radius, falloff and click pulses. Expose sensible props for content, colours, size, timing, intensity, and interaction; preserve keyboard access where it is interactive; avoid unnecessary animation under `prefers-reduced-motion`; and pause expensive rendering while off-screen or the tab is hidden. Use a clean TypeScript API and do not copy React Bits source code."
"React Bits","Animations","Elastic Mesh","https://www.reactbits.dev/animations/elastic-mesh","ElasticMesh","Spring-mesh surface that stretches under the pointer and settles back with damped physics.","Build an original, reusable React component called **Elastic Mesh**. Its visual behaviour should be: Spring-mesh surface that stretches under the pointer and settles back with damped physics. Expose sensible props for content, colours, size, timing, intensity, and interaction; preserve keyboard access where it is interactive; avoid unnecessary animation under `prefers-reduced-motion`; and pause expensive rendering while off-screen or the tab is hidden. Use a clean TypeScript API and do not copy React Bits source code."
"React Bits","Animations","Electric Border","https://www.reactbits.dev/animations/electric-border","ElectricBorder","Jittery electric energy border with animated arcs, glow and adjustable intensity.","Build an original, reusable React component called **Electric Border**. Its visual behaviour should be: Jittery electric energy border with animated arcs, glow and adjustable intensity. Expose sensible props for content, colours, size, timing, intensity, and interaction; preserve keyboard access where it is interactive; avoid unnecessary animation under `prefers-reduced-motion`; and pause expensive rendering while off-screen or the tab is hidden. Use a clean TypeScript API and do not copy React Bits source code."
"React Bits","Animations","Fade Content","https://www.reactbits.dev/animations/fade-content","FadeContent","Simple directional fade / slide entrance / exit wrapper with threshold-based activation.","Build an original, reusable React component called **Fade Content**. Its visual behaviour should be: Simple directional fade / slide entrance / exit wrapper with threshold-based activation. Expose sensible props for content, colours, size, timing, intensity, and interaction; preserve keyboard access where it is interactive; avoid unnecessary animation under `prefers-reduced-motion`; and pause expensive rendering while off-screen or the tab is hidden. Use a clean TypeScript API and do not copy React Bits source code."
"React Bits","Animations","Ghost Cursor","https://www.reactbits.dev/animations/ghost-cursor","GhostCursor","Semi-transparent ghost cursor that smoothly follows the real cursor with a trailing effect.","Build an original, reusable React component called **Ghost Cursor**. Its visual behaviour should be: Semi-transparent ghost cursor that smoothly follows the real cursor with a trailing effect. Expose sensible props for content, colours, size, timing, intensity, and interaction; preserve keyboard access where it is interactive; avoid unnecessary animation under `prefers-reduced-motion`; and pause expensive rendering while off-screen or the tab is hidden. Use a clean TypeScript API and do not copy React Bits source code."
"React Bits","Animations","Glare Hover","https://www.reactbits.dev/animations/glare-hover","GlareHover","Adds a realistic moving glare highlight on hover over any element.","Build an original, reusable React component called **Glare Hover**. Its visual behaviour should be: Adds a realistic moving glare highlight on hover over any element. Expose sensible props for content, colours, size, timing, intensity, and interaction; preserve keyboard access where it is interactive; avoid unnecessary animation under `prefers-reduced-motion`; and pause expensive rendering while off-screen or the tab is hidden. Use a clean TypeScript API and do not copy React Bits source code."
"React Bits","Animations","Glow Cursor","https://www.reactbits.dev/animations/glow-cursor","GlowCursor","Shader-powered light trail that smoothly follows the pointer with customizable glow, color, taper and pulse.","Build an original, reusable React component called **Glow Cursor**. Its visual behaviour should be: Shader-powered light trail that smoothly follows the pointer with customizable glow, color, taper and pulse. Expose sensible props for content, colours, size, timing, intensity, and interaction; preserve keyboard access where it is interactive; avoid unnecessary animation under `prefers-reduced-motion`; and pause expensive rendering while off-screen or the tab is hidden. Use a clean TypeScript API and do not copy React Bits source code."
"React Bits","Animations","Gradual Blur","https://www.reactbits.dev/animations/gradual-blur","GradualBlur","Progressively un-blurs content based on scroll or trigger creating a cinematic reveal.","Build an original, reusable React component called **Gradual Blur**. Its visual behaviour should be: Progressively un-blurs content based on scroll or trigger creating a cinematic reveal. Expose sensible props for content, colours, size, timing, intensity, and interaction; preserve keyboard access where it is interactive; avoid unnecessary animation under `prefers-reduced-motion`; and pause expensive rendering while off-screen or the tab is hidden. Use a clean TypeScript API and do not copy React Bits source code."
"React Bits","Animations","Halftone Reveal","https://www.reactbits.dev/animations/halftone-reveal","HalftoneReveal","Print-style halftone dot matrix that resolves into sharp content around the cursor.","Build an original, reusable React component called **Halftone Reveal**. Its visual behaviour should be: Print-style halftone dot matrix that resolves into sharp content around the cursor. Expose sensible props for content, colours, size, timing, intensity, and interaction; preserve keyboard access where it is interactive; avoid unnecessary animation under `prefers-reduced-motion`; and pause expensive rendering while off-screen or the tab is hidden. Use a clean TypeScript API and do not copy React Bits source code."
"React Bits","Animations","Image Trail","https://www.reactbits.dev/animations/image-trail","ImageTrail","Cursor-based image trail with several built-in variants.","Build an original, reusable React component called **Image Trail**. Its visual behaviour should be: Cursor-based image trail with several built-in variants. Expose sensible props for content, colours, size, timing, intensity, and interaction; preserve keyboard access where it is interactive; avoid unnecessary animation under `prefers-reduced-motion`; and pause expensive rendering while off-screen or the tab is hidden. Use a clean TypeScript API and do not copy React Bits source code."
"React Bits","Animations","Laser Flow","https://www.reactbits.dev/animations/laser-flow","LaserFlow","Dynamic laser light that flows onto a surface, customizable effect.","Build an original, reusable React component called **Laser Flow**. Its visual behaviour should be: Dynamic laser light that flows onto a surface, customizable effect. Expose sensible props for content, colours, size, timing, intensity, and interaction; preserve keyboard access where it is interactive; avoid unnecessary animation under `prefers-reduced-motion`; and pause expensive rendering while off-screen or the tab is hidden. Use a clean TypeScript API and do not copy React Bits source code."
"React Bits","Animations","Logo Loop","https://www.reactbits.dev/animations/logo-loop","LogoLoop","Continuously looping marquee of brand or tech logos with seamless repeat and hover pause.","Build an original, reusable React component called **Logo Loop**. Its visual behaviour should be: Continuously looping marquee of brand or tech logos with seamless repeat and hover pause. Expose sensible props for content, colours, size, timing, intensity, and interaction; preserve keyboard access where it is interactive; avoid unnecessary animation under `prefers-reduced-motion`; and pause expensive rendering while off-screen or the tab is hidden. Use a clean TypeScript API and do not copy React Bits source code."
"React Bits","Animations","Magic Rings","https://www.reactbits.dev/animations/magic-rings","MagicRings","Interactive magic rings effect with customizable parameters.","Build an original, reusable React component called **Magic Rings**. Its visual behaviour should be: Interactive magic rings effect with customizable parameters. Expose sensible props for content, colours, size, timing, intensity, and interaction; preserve keyboard access where it is interactive; avoid unnecessary animation under `prefers-reduced-motion`; and pause expensive rendering while off-screen or the tab is hidden. Use a clean TypeScript API and do not copy React Bits source code."
"React Bits","Animations","Magnet","https://www.reactbits.dev/animations/magnet","Magnet","Elements magnetically ease toward the cursor then settle back with spring physics.","Build an original, reusable React component called **Magnet**. Its visual behaviour should be: Elements magnetically ease toward the cursor then settle back with spring physics. Expose sensible props for content, colours, size, timing, intensity, and interaction; preserve keyboard access where it is interactive; avoid unnecessary animation under `prefers-reduced-motion`; and pause expensive rendering while off-screen or the tab is hidden. Use a clean TypeScript API and do not copy React Bits source code."
"React Bits","Animations","Magnet Lines","https://www.reactbits.dev/animations/magnet-lines","MagnetLines","Animated field lines bend toward the cursor.","Build an original, reusable React component called **Magnet Lines**. Its visual behaviour should be: Animated field lines bend toward the cursor. Expose sensible props for content, colours, size, timing, intensity, and interaction; preserve keyboard access where it is interactive; avoid unnecessary animation under `prefers-reduced-motion`; and pause expensive rendering while off-screen or the tab is hidden. Use a clean TypeScript API and do not copy React Bits source code."
"React Bits","Animations","Meta Balls","https://www.reactbits.dev/animations/meta-balls","MetaBalls","Liquid metaball blobs that merge and separate with smooth implicit surface animation.","Build an original, reusable React component called **Meta Balls**. Its visual behaviour should be: Liquid metaball blobs that merge and separate with smooth implicit surface animation. Expose sensible props for content, colours, size, timing, intensity, and interaction; preserve keyboard access where it is interactive; avoid unnecessary animation under `prefers-reduced-motion`; and pause expensive rendering while off-screen or the tab is hidden. Use a clean TypeScript API and do not copy React Bits source code."
"React Bits","Animations","Metallic Paint","https://www.reactbits.dev/animations/metallic-paint","MetallicPaint","Liquid metallic paint shader which can be applied to SVG elements.","Build an original, reusable React component called **Metallic Paint**. Its visual behaviour should be: Liquid metallic paint shader which can be applied to SVG elements. Expose sensible props for content, colours, size, timing, intensity, and interaction; preserve keyboard access where it is interactive; avoid unnecessary animation under `prefers-reduced-motion`; and pause expensive rendering while off-screen or the tab is hidden. Use a clean TypeScript API and do not copy React Bits source code."
"React Bits","Animations","Noise","https://www.reactbits.dev/animations/noise","Noise","Animated film grain / noise overlay adding subtle texture and motion.","Build an original, reusable React component called **Noise**. Its visual behaviour should be: Animated film grain / noise overlay adding subtle texture and motion. Expose sensible props for content, colours, size, timing, intensity, and interaction; preserve keyboard access where it is interactive; avoid unnecessary animation under `prefers-reduced-motion`; and pause expensive rendering while off-screen or the tab is hidden. Use a clean TypeScript API and do not copy React Bits source code."
"React Bits","Animations","Orbit Images","https://www.reactbits.dev/animations/orbit-images","OrbitImages","SVG Path customizable orbiting images effect.","Build an original, reusable React component called **Orbit Images**. Its visual behaviour should be: SVG Path customizable orbiting images effect. Expose sensible props for content, colours, size, timing, intensity, and interaction; preserve keyboard access where it is interactive; avoid unnecessary animation under `prefers-reduced-motion`; and pause expensive rendering while off-screen or the tab is hidden. Use a clean TypeScript API and do not copy React Bits source code."
"React Bits","Animations","Pixel Swap","https://www.reactbits.dev/animations/pixel-swap","PixelSwap","Pixel fragments assemble into a full cover, swap arbitrary content, then dissolve away with reversible colors and triggers.","Build an original, reusable React component called **Pixel Swap**. Its visual behaviour should be: Pixel fragments assemble into a full cover, swap arbitrary content, then dissolve away with reversible colors and triggers. Expose sensible props for content, colours, size, timing, intensity, and interaction; preserve keyboard access where it is interactive; avoid unnecessary animation under `prefers-reduced-motion`; and pause expensive rendering while off-screen or the tab is hidden. Use a clean TypeScript API and do not copy React Bits source code."
"React Bits","Animations","Pixel Trail","https://www.reactbits.dev/animations/pixel-trail","PixelTrail","Pixelated cursor trail emitting fading squares with retro digital feel.","Build an original, reusable React component called **Pixel Trail**. Its visual behaviour should be: Pixelated cursor trail emitting fading squares with retro digital feel. Expose sensible props for content, colours, size, timing, intensity, and interaction; preserve keyboard access where it is interactive; avoid unnecessary animation under `prefers-reduced-motion`; and pause expensive rendering while off-screen or the tab is hidden. Use a clean TypeScript API and do not copy React Bits source code."
"React Bits","Animations","Pixel Transition","https://www.reactbits.dev/animations/pixel-transition","PixelTransition","Pixel dissolve transition for content reveal on hover.","Build an original, reusable React component called **Pixel Transition**. Its visual behaviour should be: Pixel dissolve transition for content reveal on hover. Expose sensible props for content, colours, size, timing, intensity, and interaction; preserve keyboard access where it is interactive; avoid unnecessary animation under `prefers-reduced-motion`; and pause expensive rendering while off-screen or the tab is hidden. Use a clean TypeScript API and do not copy React Bits source code."
"React Bits","Animations","Ribbons","https://www.reactbits.dev/animations/ribbons","Ribbons","Flowing responsive ribbons/cursor trail driven by physics and pointer motion.","Build an original, reusable React component called **Ribbons**. Its visual behaviour should be: Flowing responsive ribbons/cursor trail driven by physics and pointer motion. Expose sensible props for content, colours, size, timing, intensity, and interaction; preserve keyboard access where it is interactive; avoid unnecessary animation under `prefers-reduced-motion`; and pause expensive rendering while off-screen or the tab is hidden. Use a clean TypeScript API and do not copy React Bits source code."
"React Bits","Animations","Ripple Distortion","https://www.reactbits.dev/animations/ripple-distortion","RippleDistortion","Pointer-driven water displacement that warps content and leaves a decaying wake.","Build an original, reusable React component called **Ripple Distortion**. Its visual behaviour should be: Pointer-driven water displacement that warps content and leaves a decaying wake. Expose sensible props for content, colours, size, timing, intensity, and interaction; preserve keyboard access where it is interactive; avoid unnecessary animation under `prefers-reduced-motion`; and pause expensive rendering while off-screen or the tab is hidden. Use a clean TypeScript API and do not copy React Bits source code."
"React Bits","Animations","Scroll Expand","https://www.reactbits.dev/animations/scroll-expand","ScrollExpand","A rounded media frame that grows to full bleed as it scrolls through the viewport.","Build an original, reusable React component called **Scroll Expand**. Its visual behaviour should be: A rounded media frame that grows to full bleed as it scrolls through the viewport. Expose sensible props for content, colours, size, timing, intensity, and interaction; preserve keyboard access where it is interactive; avoid unnecessary animation under `prefers-reduced-motion`; and pause expensive rendering while off-screen or the tab is hidden. Use a clean TypeScript API and do not copy React Bits source code."
"React Bits","Animations","Shape Blur","https://www.reactbits.dev/animations/shape-blur","ShapeBlur","Morphing blurred geometric shape. The effect occurs on hover.","Build an original, reusable React component called **Shape Blur**. Its visual behaviour should be: Morphing blurred geometric shape. The effect occurs on hover. Expose sensible props for content, colours, size, timing, intensity, and interaction; preserve keyboard access where it is interactive; avoid unnecessary animation under `prefers-reduced-motion`; and pause expensive rendering while off-screen or the tab is hidden. Use a clean TypeScript API and do not copy React Bits source code."
"React Bits","Animations","Splash Cursor","https://www.reactbits.dev/animations/splash-cursor","SplashCursor","Liquid splash burst at cursor with curling ripples and waves.","Build an original, reusable React component called **Splash Cursor**. Its visual behaviour should be: Liquid splash burst at cursor with curling ripples and waves. Expose sensible props for content, colours, size, timing, intensity, and interaction; preserve keyboard access where it is interactive; avoid unnecessary animation under `prefers-reduced-motion`; and pause expensive rendering while off-screen or the tab is hidden. Use a clean TypeScript API and do not copy React Bits source code."
"React Bits","Animations","Star Border","https://www.reactbits.dev/animations/star-border","StarBorder","Animated star / sparkle border orbiting content with twinkle pulses.","Build an original, reusable React component called **Star Border**. Its visual behaviour should be: Animated star / sparkle border orbiting content with twinkle pulses. Expose sensible props for content, colours, size, timing, intensity, and interaction; preserve keyboard access where it is interactive; avoid unnecessary animation under `prefers-reduced-motion`; and pause expensive rendering while off-screen or the tab is hidden. Use a clean TypeScript API and do not copy React Bits source code."
"React Bits","Animations","Sticker Peel","https://www.reactbits.dev/animations/sticker-peel","StickerPeel","Sticker corner lift + peel interaction using 3D transform and shadow depth.","Build an original, reusable React component called **Sticker Peel**. Its visual behaviour should be: Sticker corner lift + peel interaction using 3D transform and shadow depth. Expose sensible props for content, colours, size, timing, intensity, and interaction; preserve keyboard access where it is interactive; avoid unnecessary animation under `prefers-reduced-motion`; and pause expensive rendering while off-screen or the tab is hidden. Use a clean TypeScript API and do not copy React Bits source code."
"React Bits","Animations","Strands","https://www.reactbits.dev/animations/strands","Strands","Glowing ribbon-like strands that ripple and weave across a transparent canvas.","Build an original, reusable React component called **Strands**. Its visual behaviour should be: Glowing ribbon-like strands that ripple and weave across a transparent canvas. Expose sensible props for content, colours, size, timing, intensity, and interaction; preserve keyboard access where it is interactive; avoid unnecessary animation under `prefers-reduced-motion`; and pause expensive rendering while off-screen or the tab is hidden. Use a clean TypeScript API and do not copy React Bits source code."
"React Bits","Animations","Swarm Cursor","https://www.reactbits.dev/animations/swarm-cursor","SwarmCursor","Flocking particle swarm that chases the pointer, jostles for space and drifts apart at rest.","Build an original, reusable React component called **Swarm Cursor**. Its visual behaviour should be: Flocking particle swarm that chases the pointer, jostles for space and drifts apart at rest. Expose sensible props for content, colours, size, timing, intensity, and interaction; preserve keyboard access where it is interactive; avoid unnecessary animation under `prefers-reduced-motion`; and pause expensive rendering while off-screen or the tab is hidden. Use a clean TypeScript API and do not copy React Bits source code."
"React Bits","Animations","Target Cursor","https://www.reactbits.dev/animations/target-cursor","TargetCursor","A cursor follow animation with 4 corners that lock onto targets.","Build an original, reusable React component called **Target Cursor**. Its visual behaviour should be: A cursor follow animation with 4 corners that lock onto targets. Expose sensible props for content, colours, size, timing, intensity, and interaction; preserve keyboard access where it is interactive; avoid unnecessary animation under `prefers-reduced-motion`; and pause expensive rendering while off-screen or the tab is hidden. Use a clean TypeScript API and do not copy React Bits source code."
"React Bits","Backgrounds","Acid Squares","https://www.reactbits.dev/backgrounds/acid-squares","AcidSquares","A crystalline corridor of stacked squares receding into depth.","Build an original, reusable React component called **Acid Squares**. Its visual behaviour should be: A crystalline corridor of stacked squares receding into depth. Expose sensible props for content, colours, size, timing, intensity, and interaction; preserve keyboard access where it is interactive; avoid unnecessary animation under `prefers-reduced-motion`; and pause expensive rendering while off-screen or the tab is hidden. Use a clean TypeScript API and do not copy React Bits source code."
"React Bits","Backgrounds","Aero Shards","https://www.reactbits.dev/backgrounds/aero-shards","AeroShards","A GPU-driven wind sculpture of folded foil shards with crisp detail, content-safe placements, and responsive pointer interactions.","Build an original, reusable React component called **Aero Shards**. Its visual behaviour should be: A GPU-driven wind sculpture of folded foil shards with crisp detail, content-safe placements, and responsive pointer interactions. Expose sensible props for content, colours, size, timing, intensity, and interaction; preserve keyboard access where it is interactive; avoid unnecessary animation under `prefers-reduced-motion`; and pause expensive rendering while off-screen or the tab is hidden. Use a clean TypeScript API and do not copy React Bits source code."
"React Bits","Backgrounds","Aurora","https://www.reactbits.dev/backgrounds/aurora","Aurora","Flowing aurora gradient background.","Build an original, reusable React component called **Aurora**. Its visual behaviour should be: Flowing aurora gradient background. Expose sensible props for content, colours, size, timing, intensity, and interaction; preserve keyboard access where it is interactive; avoid unnecessary animation under `prefers-reduced-motion`; and pause expensive rendering while off-screen or the tab is hidden. Use a clean TypeScript API and do not copy React Bits source code."
"React Bits","Backgrounds","Balatro","https://www.reactbits.dev/backgrounds/balatro","Balatro","The balatro shader, fully customizalbe and interactive.","Build an original, reusable React component called **Balatro**. Its visual behaviour should be: The balatro shader, fully customizalbe and interactive. Expose sensible props for content, colours, size, timing, intensity, and interaction; preserve keyboard access where it is interactive; avoid unnecessary animation under `prefers-reduced-motion`; and pause expensive rendering while off-screen or the tab is hidden. Use a clean TypeScript API and do not copy React Bits source code."
"React Bits","Backgrounds","Ballpit","https://www.reactbits.dev/backgrounds/ballpit","Ballpit","Physics ball pit simulation with bouncing colorful spheres.","Build an original, reusable React component called **Ballpit**. Its visual behaviour should be: Physics ball pit simulation with bouncing colorful spheres. Expose sensible props for content, colours, size, timing, intensity, and interaction; preserve keyboard access where it is interactive; avoid unnecessary animation under `prefers-reduced-motion`; and pause expensive rendering while off-screen or the tab is hidden. Use a clean TypeScript API and do not copy React Bits source code."
"React Bits","Backgrounds","Beams","https://www.reactbits.dev/backgrounds/beams","Beams","Crossing animated ribbons with customizable properties.","Build an original, reusable React component called **Beams**. Its visual behaviour should be: Crossing animated ribbons with customizable properties. Expose sensible props for content, colours, size, timing, intensity, and interaction; preserve keyboard access where it is interactive; avoid unnecessary animation under `prefers-reduced-motion`; and pause expensive rendering while off-screen or the tab is hidden. Use a clean TypeScript API and do not copy React Bits source code."
"React Bits","Backgrounds","Color Bends","https://www.reactbits.dev/backgrounds/color-bends","ColorBends","Vibrant color bends with smooth flowing animation.","Build an original, reusable React component called **Color Bends**. Its visual behaviour should be: Vibrant color bends with smooth flowing animation. Expose sensible props for content, colours, size, timing, intensity, and interaction; preserve keyboard access where it is interactive; avoid unnecessary animation under `prefers-reduced-motion`; and pause expensive rendering while off-screen or the tab is hidden. Use a clean TypeScript API and do not copy React Bits source code."
"React Bits","Backgrounds","CRT Warp","https://www.reactbits.dev/backgrounds/crt-warp","CRTWarp","Full-canvas CRT plasma with curved distortion, scanlines, bloom and pointer interaction.","Build an original, reusable React component called **CRT Warp**. Its visual behaviour should be: Full-canvas CRT plasma with curved distortion, scanlines, bloom and pointer interaction. Expose sensible props for content, colours, size, timing, intensity, and interaction; preserve keyboard access where it is interactive; avoid unnecessary animation under `prefers-reduced-motion`; and pause expensive rendering while off-screen or the tab is hidden. Use a clean TypeScript API and do not copy React Bits source code."
"React Bits","Backgrounds","Dark Veil","https://www.reactbits.dev/backgrounds/dark-veil","DarkVeil","Subtle dark background with a smooth animation and postprocessing.","Build an original, reusable React component called **Dark Veil**. Its visual behaviour should be: Subtle dark background with a smooth animation and postprocessing. Expose sensible props for content, colours, size, timing, intensity, and interaction; preserve keyboard access where it is interactive; avoid unnecessary animation under `prefers-reduced-motion`; and pause expensive rendering while off-screen or the tab is hidden. Use a clean TypeScript API and do not copy React Bits source code."
"React Bits","Backgrounds","Dither","https://www.reactbits.dev/backgrounds/dither","Dither","Retro dithered noise shader background.","Build an original, reusable React component called **Dither**. Its visual behaviour should be: Retro dithered noise shader background. Expose sensible props for content, colours, size, timing, intensity, and interaction; preserve keyboard access where it is interactive; avoid unnecessary animation under `prefers-reduced-motion`; and pause expensive rendering while off-screen or the tab is hidden. Use a clean TypeScript API and do not copy React Bits source code."
"React Bits","Backgrounds","Dot Field","https://www.reactbits.dev/backgrounds/dot-field","DotField","Interactive dot grid with cursor bulge, glow, sparkle, and wave effects.","Build an original, reusable React component called **Dot Field**. Its visual behaviour should be: Interactive dot grid with cursor bulge, glow, sparkle, and wave effects. Expose sensible props for content, colours, size, timing, intensity, and interaction; preserve keyboard access where it is interactive; avoid unnecessary animation under `prefers-reduced-motion`; and pause expensive rendering while off-screen or the tab is hidden. Use a clean TypeScript API and do not copy React Bits source code."
"React Bits","Backgrounds","Dot Grid","https://www.reactbits.dev/backgrounds/dot-grid","DotGrid","Animated dot grid with cursor interactions.","Build an original, reusable React component called **Dot Grid**. Its visual behaviour should be: Animated dot grid with cursor interactions. Expose sensible props for content, colours, size, timing, intensity, and interaction; preserve keyboard access where it is interactive; avoid unnecessary animation under `prefers-reduced-motion`; and pause expensive rendering while off-screen or the tab is hidden. Use a clean TypeScript API and do not copy React Bits source code."
"React Bits","Backgrounds","Evil Eye","https://www.reactbits.dev/backgrounds/evil-eye","EvilEye","Procedural evil eye shader with animated iris, slit pupil, and fiery outer glow.","Build an original, reusable React component called **Evil Eye**. Its visual behaviour should be: Procedural evil eye shader with animated iris, slit pupil, and fiery outer glow. Expose sensible props for content, colours, size, timing, intensity, and interaction; preserve keyboard access where it is interactive; avoid unnecessary animation under `prefers-reduced-motion`; and pause expensive rendering while off-screen or the tab is hidden. Use a clean TypeScript API and do not copy React Bits source code."
"React Bits","Backgrounds","Faulty Terminal","https://www.reactbits.dev/backgrounds/faulty-terminal","FaultyTerminal","Terminal CRT scanline squares effect with flicker + noise.","Build an original, reusable React component called **Faulty Terminal**. Its visual behaviour should be: Terminal CRT scanline squares effect with flicker + noise. Expose sensible props for content, colours, size, timing, intensity, and interaction; preserve keyboard access where it is interactive; avoid unnecessary animation under `prefers-reduced-motion`; and pause expensive rendering while off-screen or the tab is hidden. Use a clean TypeScript API and do not copy React Bits source code."
"React Bits","Backgrounds","Ferrofluid","https://www.reactbits.dev/backgrounds/ferrofluid","Ferrofluid","A churning magnetic fluid traced by glowing contour lines, with a cursor magnet.","Build an original, reusable React component called **Ferrofluid**. Its visual behaviour should be: A churning magnetic fluid traced by glowing contour lines, with a cursor magnet. Expose sensible props for content, colours, size, timing, intensity, and interaction; preserve keyboard access where it is interactive; avoid unnecessary animation under `prefers-reduced-motion`; and pause expensive rendering while off-screen or the tab is hidden. Use a clean TypeScript API and do not copy React Bits source code."
"React Bits","Backgrounds","Floating Lines","https://www.reactbits.dev/backgrounds/floating-lines","FloatingLines","3D floating lines that react to cursor movement.","Build an original, reusable React component called **Floating Lines**. Its visual behaviour should be: 3D floating lines that react to cursor movement. Expose sensible props for content, colours, size, timing, intensity, and interaction; preserve keyboard access where it is interactive; avoid unnecessary animation under `prefers-reduced-motion`; and pause expensive rendering while off-screen or the tab is hidden. Use a clean TypeScript API and do not copy React Bits source code."
"React Bits","Backgrounds","Galaxy","https://www.reactbits.dev/backgrounds/galaxy","Galaxy","Parallax realistic starfield with pointer interactions.","Build an original, reusable React component called **Galaxy**. Its visual behaviour should be: Parallax realistic starfield with pointer interactions. Expose sensible props for content, colours, size, timing, intensity, and interaction; preserve keyboard access where it is interactive; avoid unnecessary animation under `prefers-reduced-motion`; and pause expensive rendering while off-screen or the tab is hidden. Use a clean TypeScript API and do not copy React Bits source code."
"React Bits","Backgrounds","Ghost Fibers","https://www.reactbits.dev/backgrounds/ghost-fibers","GhostFibers","A deep-blue recursive fiber field with luminous bands, radial twisting and soft atmospheric glow.","Build an original, reusable React component called **Ghost Fibers**. Its visual behaviour should be: A deep-blue recursive fiber field with luminous bands, radial twisting and soft atmospheric glow. Expose sensible props for content, colours, size, timing, intensity, and interaction; preserve keyboard access where it is interactive; avoid unnecessary animation under `prefers-reduced-motion`; and pause expensive rendering while off-screen or the tab is hidden. Use a clean TypeScript API and do not copy React Bits source code."
"React Bits","Backgrounds","Gradient Blinds","https://www.reactbits.dev/backgrounds/gradient-blinds","GradientBlinds","Layered gradient blinds with spotlight and noise distortion.","Build an original, reusable React component called **Gradient Blinds**. Its visual behaviour should be: Layered gradient blinds with spotlight and noise distortion. Expose sensible props for content, colours, size, timing, intensity, and interaction; preserve keyboard access where it is interactive; avoid unnecessary animation under `prefers-reduced-motion`; and pause expensive rendering while off-screen or the tab is hidden. Use a clean TypeScript API and do not copy React Bits source code."
"React Bits","Backgrounds","Gradient Waves","https://www.reactbits.dev/backgrounds/gradient-waves","GradientWaves","Raymarched sine waves rolling toward a soft, hazy horizon.","Build an original, reusable React component called **Gradient Waves**. Its visual behaviour should be: Raymarched sine waves rolling toward a soft, hazy horizon. Expose sensible props for content, colours, size, timing, intensity, and interaction; preserve keyboard access where it is interactive; avoid unnecessary animation under `prefers-reduced-motion`; and pause expensive rendering while off-screen or the tab is hidden. Use a clean TypeScript API and do not copy React Bits source code."
"React Bits","Backgrounds","Grainient","https://www.reactbits.dev/backgrounds/grainient","Grainient","Grainy gradient swirls with soft wave distortion.","Build an original, reusable React component called **Grainient**. Its visual behaviour should be: Grainy gradient swirls with soft wave distortion. Expose sensible props for content, colours, size, timing, intensity, and interaction; preserve keyboard access where it is interactive; avoid unnecessary animation under `prefers-reduced-motion`; and pause expensive rendering while off-screen or the tab is hidden. Use a clean TypeScript API and do not copy React Bits source code."
"React Bits","Backgrounds","Grid Distortion","https://www.reactbits.dev/backgrounds/grid-distortion","GridDistortion","Warped grid mesh distorts smoothly reacting to cursor.","Build an original, reusable React component called **Grid Distortion**. Its visual behaviour should be: Warped grid mesh distorts smoothly reacting to cursor. Expose sensible props for content, colours, size, timing, intensity, and interaction; preserve keyboard access where it is interactive; avoid unnecessary animation under `prefers-reduced-motion`; and pause expensive rendering while off-screen or the tab is hidden. Use a clean TypeScript API and do not copy React Bits source code."
"React Bits","Backgrounds","Grid Motion","https://www.reactbits.dev/backgrounds/grid-motion","GridMotion","Perspective moving grid lines based on cusror position.","Build an original, reusable React component called **Grid Motion**. Its visual behaviour should be: Perspective moving grid lines based on cusror position. Expose sensible props for content, colours, size, timing, intensity, and interaction; preserve keyboard access where it is interactive; avoid unnecessary animation under `prefers-reduced-motion`; and pause expensive rendering while off-screen or the tab is hidden. Use a clean TypeScript API and do not copy React Bits source code."
"React Bits","Backgrounds","Grid Scan","https://www.reactbits.dev/backgrounds/grid-scan","GridScan","Animated grid room 3D scan effect and cool interactions.","Build an original, reusable React component called **Grid Scan**. Its visual behaviour should be: Animated grid room 3D scan effect and cool interactions. Expose sensible props for content, colours, size, timing, intensity, and interaction; preserve keyboard access where it is interactive; avoid unnecessary animation under `prefers-reduced-motion`; and pause expensive rendering while off-screen or the tab is hidden. Use a clean TypeScript API and do not copy React Bits source code."
"React Bits","Backgrounds","Hyperspeed","https://www.reactbits.dev/backgrounds/hyperspeed","Hyperspeed","Animated lines continuously moving to simulate hyperspace travel on click hold.","Build an original, reusable React component called **Hyperspeed**. Its visual behaviour should be: Animated lines continuously moving to simulate hyperspace travel on click hold. Expose sensible props for content, colours, size, timing, intensity, and interaction; preserve keyboard access where it is interactive; avoid unnecessary animation under `prefers-reduced-motion`; and pause expensive rendering while off-screen or the tab is hidden. Use a clean TypeScript API and do not copy React Bits source code."
"React Bits","Backgrounds","Iridescence","https://www.reactbits.dev/backgrounds/iridescence","Iridescence","Slick iridescent shader with shifting waves.","Build an original, reusable React component called **Iridescence**. Its visual behaviour should be: Slick iridescent shader with shifting waves. Expose sensible props for content, colours, size, timing, intensity, and interaction; preserve keyboard access where it is interactive; avoid unnecessary animation under `prefers-reduced-motion`; and pause expensive rendering while off-screen or the tab is hidden. Use a clean TypeScript API and do not copy React Bits source code."
"React Bits","Backgrounds","Letter Glitch","https://www.reactbits.dev/backgrounds/letter-glitch","LetterGlitch","Matrix style letter animation.","Build an original, reusable React component called **Letter Glitch**. Its visual behaviour should be: Matrix style letter animation. Expose sensible props for content, colours, size, timing, intensity, and interaction; preserve keyboard access where it is interactive; avoid unnecessary animation under `prefers-reduced-motion`; and pause expensive rendering while off-screen or the tab is hidden. Use a clean TypeScript API and do not copy React Bits source code."
"React Bits","Backgrounds","Light Pillar","https://www.reactbits.dev/backgrounds/light-pillar","LightPillar","Vertical pillar of light with glow effects.","Build an original, reusable React component called **Light Pillar**. Its visual behaviour should be: Vertical pillar of light with glow effects. Expose sensible props for content, colours, size, timing, intensity, and interaction; preserve keyboard access where it is interactive; avoid unnecessary animation under `prefers-reduced-motion`; and pause expensive rendering while off-screen or the tab is hidden. Use a clean TypeScript API and do not copy React Bits source code."
"React Bits","Backgrounds","Light Rays","https://www.reactbits.dev/backgrounds/light-rays","LightRays","Volumetric light rays/beams with customizable direction.","Build an original, reusable React component called **Light Rays**. Its visual behaviour should be: Volumetric light rays/beams with customizable direction. Expose sensible props for content, colours, size, timing, intensity, and interaction; preserve keyboard access where it is interactive; avoid unnecessary animation under `prefers-reduced-motion`; and pause expensive rendering while off-screen or the tab is hidden. Use a clean TypeScript API and do not copy React Bits source code."
"React Bits","Backgrounds","Light Tunnel","https://www.reactbits.dev/backgrounds/light-tunnel","LightTunnel","A radial fibre-optic tunnel with light pulses racing into depth.","Build an original, reusable React component called **Light Tunnel**. Its visual behaviour should be: A radial fibre-optic tunnel with light pulses racing into depth. Expose sensible props for content, colours, size, timing, intensity, and interaction; preserve keyboard access where it is interactive; avoid unnecessary animation under `prefers-reduced-motion`; and pause expensive rendering while off-screen or the tab is hidden. Use a clean TypeScript API and do not copy React Bits source code."
"React Bits","Backgrounds","Lightfall","https://www.reactbits.dev/backgrounds/lightfall","Lightfall","Colorful light streaks raining down a glowing tunnel with a cursor light.","Build an original, reusable React component called **Lightfall**. Its visual behaviour should be: Colorful light streaks raining down a glowing tunnel with a cursor light. Expose sensible props for content, colours, size, timing, intensity, and interaction; preserve keyboard access where it is interactive; avoid unnecessary animation under `prefers-reduced-motion`; and pause expensive rendering while off-screen or the tab is hidden. Use a clean TypeScript API and do not copy React Bits source code."
"React Bits","Backgrounds","Lightning","https://www.reactbits.dev/backgrounds/lightning","Lightning","Procedural lightning bolts with branching and glow flicker.","Build an original, reusable React component called **Lightning**. Its visual behaviour should be: Procedural lightning bolts with branching and glow flicker. Expose sensible props for content, colours, size, timing, intensity, and interaction; preserve keyboard access where it is interactive; avoid unnecessary animation under `prefers-reduced-motion`; and pause expensive rendering while off-screen or the tab is hidden. Use a clean TypeScript API and do not copy React Bits source code."
"React Bits","Backgrounds","Line Waves","https://www.reactbits.dev/backgrounds/line-waves","LineWaves","Animated line wave pattern with colorful warped distortion.","Build an original, reusable React component called **Line Waves**. Its visual behaviour should be: Animated line wave pattern with colorful warped distortion. Expose sensible props for content, colours, size, timing, intensity, and interaction; preserve keyboard access where it is interactive; avoid unnecessary animation under `prefers-reduced-motion`; and pause expensive rendering while off-screen or the tab is hidden. Use a clean TypeScript API and do not copy React Bits source code."
"React Bits","Backgrounds","Liquid Chrome","https://www.reactbits.dev/backgrounds/liquid-chrome","LiquidChrome","Liquid metallic chrome shader with flowing reflective surface.","Build an original, reusable React component called **Liquid Chrome**. Its visual behaviour should be: Liquid metallic chrome shader with flowing reflective surface. Expose sensible props for content, colours, size, timing, intensity, and interaction; preserve keyboard access where it is interactive; avoid unnecessary animation under `prefers-reduced-motion`; and pause expensive rendering while off-screen or the tab is hidden. Use a clean TypeScript API and do not copy React Bits source code."
"React Bits","Backgrounds","Liquid Ether","https://www.reactbits.dev/backgrounds/liquid-ether","LiquidEther","Interactive liquid shader with flowing distortion and customizable colors.","Build an original, reusable React component called **Liquid Ether**. Its visual behaviour should be: Interactive liquid shader with flowing distortion and customizable colors. Expose sensible props for content, colours, size, timing, intensity, and interaction; preserve keyboard access where it is interactive; avoid unnecessary animation under `prefers-reduced-motion`; and pause expensive rendering while off-screen or the tab is hidden. Use a clean TypeScript API and do not copy React Bits source code."
"React Bits","Backgrounds","Molten Metal","https://www.reactbits.dev/backgrounds/molten-metal","MoltenMetal","Swirling caustic plasma filaments with molten, white-hot cores.","Build an original, reusable React component called **Molten Metal**. Its visual behaviour should be: Swirling caustic plasma filaments with molten, white-hot cores. Expose sensible props for content, colours, size, timing, intensity, and interaction; preserve keyboard access where it is interactive; avoid unnecessary animation under `prefers-reduced-motion`; and pause expensive rendering while off-screen or the tab is hidden. Use a clean TypeScript API and do not copy React Bits source code."
"React Bits","Backgrounds","Orb","https://www.reactbits.dev/backgrounds/orb","Orb","Floating energy orb with customizable hover effect.","Build an original, reusable React component called **Orb**. Its visual behaviour should be: Floating energy orb with customizable hover effect. Expose sensible props for content, colours, size, timing, intensity, and interaction; preserve keyboard access where it is interactive; avoid unnecessary animation under `prefers-reduced-motion`; and pause expensive rendering while off-screen or the tab is hidden. Use a clean TypeScript API and do not copy React Bits source code."
"React Bits","Backgrounds","Particles","https://www.reactbits.dev/backgrounds/particles","Particles","Configurable particle system.","Build an original, reusable React component called **Particles**. Its visual behaviour should be: Configurable particle system. Expose sensible props for content, colours, size, timing, intensity, and interaction; preserve keyboard access where it is interactive; avoid unnecessary animation under `prefers-reduced-motion`; and pause expensive rendering while off-screen or the tab is hidden. Use a clean TypeScript API and do not copy React Bits source code."
"React Bits","Backgrounds","Pixel Blast","https://www.reactbits.dev/backgrounds/pixel-blast","PixelBlast","Exploding pixel particle bursts with optional liquid postprocessing.","Build an original, reusable React component called **Pixel Blast**. Its visual behaviour should be: Exploding pixel particle bursts with optional liquid postprocessing. Expose sensible props for content, colours, size, timing, intensity, and interaction; preserve keyboard access where it is interactive; avoid unnecessary animation under `prefers-reduced-motion`; and pause expensive rendering while off-screen or the tab is hidden. Use a clean TypeScript API and do not copy React Bits source code."
"React Bits","Backgrounds","Pixel Snow","https://www.reactbits.dev/backgrounds/pixel-snow","PixelSnow","Falling pixelated snow effect with customizable density and speed.","Build an original, reusable React component called **Pixel Snow**. Its visual behaviour should be: Falling pixelated snow effect with customizable density and speed. Expose sensible props for content, colours, size, timing, intensity, and interaction; preserve keyboard access where it is interactive; avoid unnecessary animation under `prefers-reduced-motion`; and pause expensive rendering while off-screen or the tab is hidden. Use a clean TypeScript API and do not copy React Bits source code."
"React Bits","Backgrounds","Plasma","https://www.reactbits.dev/backgrounds/plasma","Plasma","Organic plasma gradients swirl + morph with smooth turbulence.","Build an original, reusable React component called **Plasma**. Its visual behaviour should be: Organic plasma gradients swirl + morph with smooth turbulence. Expose sensible props for content, colours, size, timing, intensity, and interaction; preserve keyboard access where it is interactive; avoid unnecessary animation under `prefers-reduced-motion`; and pause expensive rendering while off-screen or the tab is hidden. Use a clean TypeScript API and do not copy React Bits source code."
"React Bits","Backgrounds","Plasma Wave","https://www.reactbits.dev/backgrounds/plasma-wave","PlasmaWave","Raymarched plasma waves with dual-wave interference and OGL.","Build an original, reusable React component called **Plasma Wave**. Its visual behaviour should be: Raymarched plasma waves with dual-wave interference and OGL. Expose sensible props for content, colours, size, timing, intensity, and interaction; preserve keyboard access where it is interactive; avoid unnecessary animation under `prefers-reduced-motion`; and pause expensive rendering while off-screen or the tab is hidden. Use a clean TypeScript API and do not copy React Bits source code."
"React Bits","Backgrounds","Prism","https://www.reactbits.dev/backgrounds/prism","Prism","Rotating prism with configurable intensity, size, and colors.","Build an original, reusable React component called **Prism**. Its visual behaviour should be: Rotating prism with configurable intensity, size, and colors. Expose sensible props for content, colours, size, timing, intensity, and interaction; preserve keyboard access where it is interactive; avoid unnecessary animation under `prefers-reduced-motion`; and pause expensive rendering while off-screen or the tab is hidden. Use a clean TypeScript API and do not copy React Bits source code."
"React Bits","Backgrounds","Prismatic Burst","https://www.reactbits.dev/backgrounds/prismatic-burst","PrismaticBurst","Burst of light rays with controllable color, distortion, amount.","Build an original, reusable React component called **Prismatic Burst**. Its visual behaviour should be: Burst of light rays with controllable color, distortion, amount. Expose sensible props for content, colours, size, timing, intensity, and interaction; preserve keyboard access where it is interactive; avoid unnecessary animation under `prefers-reduced-motion`; and pause expensive rendering while off-screen or the tab is hidden. Use a clean TypeScript API and do not copy React Bits source code."
"React Bits","Backgrounds","Radar","https://www.reactbits.dev/backgrounds/radar","Radar","Radar sweep effect with concentric rings, radial spokes, and a rotating beam.","Build an original, reusable React component called **Radar**. Its visual behaviour should be: Radar sweep effect with concentric rings, radial spokes, and a rotating beam. Expose sensible props for content, colours, size, timing, intensity, and interaction; preserve keyboard access where it is interactive; avoid unnecessary animation under `prefers-reduced-motion`; and pause expensive rendering while off-screen or the tab is hidden. Use a clean TypeScript API and do not copy React Bits source code."
"React Bits","Backgrounds","Ripple Grid","https://www.reactbits.dev/backgrounds/ripple-grid","RippleGrid","A grid that continuously animates with a ripple effect.","Build an original, reusable React component called **Ripple Grid**. Its visual behaviour should be: A grid that continuously animates with a ripple effect. Expose sensible props for content, colours, size, timing, intensity, and interaction; preserve keyboard access where it is interactive; avoid unnecessary animation under `prefers-reduced-motion`; and pause expensive rendering while off-screen or the tab is hidden. Use a clean TypeScript API and do not copy React Bits source code."
"React Bits","Backgrounds","Scanner","https://www.reactbits.dev/backgrounds/scanner","Scanner","Calm interference bands sweeping across the screen like an oscilloscope.","Build an original, reusable React component called **Scanner**. Its visual behaviour should be: Calm interference bands sweeping across the screen like an oscilloscope. Expose sensible props for content, colours, size, timing, intensity, and interaction; preserve keyboard access where it is interactive; avoid unnecessary animation under `prefers-reduced-motion`; and pause expensive rendering while off-screen or the tab is hidden. Use a clean TypeScript API and do not copy React Bits source code."
"React Bits","Backgrounds","Shape Grid","https://www.reactbits.dev/backgrounds/shape-grid","ShapeGrid","Animated grid with shape variants (square, hexagon, circle, triangle) + direction customization.","Build an original, reusable React component called **Shape Grid**. Its visual behaviour should be: Animated grid with shape variants (square, hexagon, circle, triangle) + direction customization. Expose sensible props for content, colours, size, timing, intensity, and interaction; preserve keyboard access where it is interactive; avoid unnecessary animation under `prefers-reduced-motion`; and pause expensive rendering while off-screen or the tab is hidden. Use a clean TypeScript API and do not copy React Bits source code."
"React Bits","Backgrounds","Shape Waves","https://www.reactbits.dev/backgrounds/shape-waves","ShapeWaves","A WebGPU field of triangles, circles and squares that brighten and grow along rolling waves, with an optional text cutout the waves flow around.","Build an original, reusable React component called **Shape Waves**. Its visual behaviour should be: A WebGPU field of triangles, circles and squares that brighten and grow along rolling waves, with an optional text cutout the waves flow around. Expose sensible props for content, colours, size, timing, intensity, and interaction; preserve keyboard access where it is interactive; avoid unnecessary animation under `prefers-reduced-motion`; and pause expensive rendering while off-screen or the tab is hidden. Use a clean TypeScript API and do not copy React Bits source code."
"React Bits","Backgrounds","Side Rays","https://www.reactbits.dev/backgrounds/side-rays","SideRays","Animated light rays emanating from the side with customizable colors and speed.","Build an original, reusable React component called **Side Rays**. Its visual behaviour should be: Animated light rays emanating from the side with customizable colors and speed. Expose sensible props for content, colours, size, timing, intensity, and interaction; preserve keyboard access where it is interactive; avoid unnecessary animation under `prefers-reduced-motion`; and pause expensive rendering while off-screen or the tab is hidden. Use a clean TypeScript API and do not copy React Bits source code."
"React Bits","Backgrounds","Silk","https://www.reactbits.dev/backgrounds/silk","Silk","Smooth waves background with soft lighting.","Build an original, reusable React component called **Silk**. Its visual behaviour should be: Smooth waves background with soft lighting. Expose sensible props for content, colours, size, timing, intensity, and interaction; preserve keyboard access where it is interactive; avoid unnecessary animation under `prefers-reduced-motion`; and pause expensive rendering while off-screen or the tab is hidden. Use a clean TypeScript API and do not copy React Bits source code."
"React Bits","Backgrounds","Sliced Waves","https://www.reactbits.dev/backgrounds/sliced-waves","SlicedWaves","A grid of soft glowing bars rippling like a slatted equalizer.","Build an original, reusable React component called **Sliced Waves**. Its visual behaviour should be: A grid of soft glowing bars rippling like a slatted equalizer. Expose sensible props for content, colours, size, timing, intensity, and interaction; preserve keyboard access where it is interactive; avoid unnecessary animation under `prefers-reduced-motion`; and pause expensive rendering while off-screen or the tab is hidden. Use a clean TypeScript API and do not copy React Bits source code."
"React Bits","Backgrounds","Soft Aurora","https://www.reactbits.dev/backgrounds/soft-aurora","SoftAurora","Soft aurora borealis shader with 3D Perlin noise and cosine gradient palettes.","Build an original, reusable React component called **Soft Aurora**. Its visual behaviour should be: Soft aurora borealis shader with 3D Perlin noise and cosine gradient palettes. Expose sensible props for content, colours, size, timing, intensity, and interaction; preserve keyboard access where it is interactive; avoid unnecessary animation under `prefers-reduced-motion`; and pause expensive rendering while off-screen or the tab is hidden. Use a clean TypeScript API and do not copy React Bits source code."
"React Bits","Backgrounds","Threads","https://www.reactbits.dev/backgrounds/threads","Threads","Animated pattern of lines forming a fabric-like motion.","Build an original, reusable React component called **Threads**. Its visual behaviour should be: Animated pattern of lines forming a fabric-like motion. Expose sensible props for content, colours, size, timing, intensity, and interaction; preserve keyboard access where it is interactive; avoid unnecessary animation under `prefers-reduced-motion`; and pause expensive rendering while off-screen or the tab is hidden. Use a clean TypeScript API and do not copy React Bits source code."
"React Bits","Backgrounds","Topography","https://www.reactbits.dev/backgrounds/topography","Topography","A living contour map with glowing, elevation-tinted lines.","Build an original, reusable React component called **Topography**. Its visual behaviour should be: A living contour map with glowing, elevation-tinted lines. Expose sensible props for content, colours, size, timing, intensity, and interaction; preserve keyboard access where it is interactive; avoid unnecessary animation under `prefers-reduced-motion`; and pause expensive rendering while off-screen or the tab is hidden. Use a clean TypeScript API and do not copy React Bits source code."
"React Bits","Backgrounds","Waves","https://www.reactbits.dev/backgrounds/waves","Waves","Layered lines that form smooth wave patterns with animation.","Build an original, reusable React component called **Waves**. Its visual behaviour should be: Layered lines that form smooth wave patterns with animation. Expose sensible props for content, colours, size, timing, intensity, and interaction; preserve keyboard access where it is interactive; avoid unnecessary animation under `prefers-reduced-motion`; and pause expensive rendering while off-screen or the tab is hidden. Use a clean TypeScript API and do not copy React Bits source code."
"React Bits","Backgrounds","Web Threads","https://www.reactbits.dev/backgrounds/web-threads","WebThreads","Glowing sine threads woven through a luminous convergence point.","Build an original, reusable React component called **Web Threads**. Its visual behaviour should be: Glowing sine threads woven through a luminous convergence point. Expose sensible props for content, colours, size, timing, intensity, and interaction; preserve keyboard access where it is interactive; avoid unnecessary animation under `prefers-reduced-motion`; and pause expensive rendering while off-screen or the tab is hidden. Use a clean TypeScript API and do not copy React Bits source code."
"React Bits","Components","Accordion Gallery","https://www.reactbits.dev/components/accordion-gallery","AccordionGallery","Panels expand on hover or focus, revealing parallax imagery and captions.","Build an original, reusable React component called **Accordion Gallery**. Its visual behaviour should be: Panels expand on hover or focus, revealing parallax imagery and captions. Expose sensible props for content, colours, size, timing, intensity, and interaction; preserve keyboard access where it is interactive; avoid unnecessary animation under `prefers-reduced-motion`; and pause expensive rendering while off-screen or the tab is hidden. Use a clean TypeScript API and do not copy React Bits source code."
"React Bits","Components","Animated List","https://www.reactbits.dev/components/animated-list","AnimatedList","List items enter with staggered motion variants for polished reveals.","Build an original, reusable React component called **Animated List**. Its visual behaviour should be: List items enter with staggered motion variants for polished reveals. Expose sensible props for content, colours, size, timing, intensity, and interaction; preserve keyboard access where it is interactive; avoid unnecessary animation under `prefers-reduced-motion`; and pause expensive rendering while off-screen or the tab is hidden. Use a clean TypeScript API and do not copy React Bits source code."
"React Bits","Components","Border Glow","https://www.reactbits.dev/components/border-glow","BorderGlow","Glowing mesh-gradient border that follows cursor direction and intensifies near edges.","Build an original, reusable React component called **Border Glow**. Its visual behaviour should be: Glowing mesh-gradient border that follows cursor direction and intensifies near edges. Expose sensible props for content, colours, size, timing, intensity, and interaction; preserve keyboard access where it is interactive; avoid unnecessary animation under `prefers-reduced-motion`; and pause expensive rendering while off-screen or the tab is hidden. Use a clean TypeScript API and do not copy React Bits source code."
"React Bits","Components","Bounce Cards","https://www.reactbits.dev/components/bounce-cards","BounceCards","Cards bounce that bounce in on mount.","Build an original, reusable React component called **Bounce Cards**. Its visual behaviour should be: Cards bounce that bounce in on mount. Expose sensible props for content, colours, size, timing, intensity, and interaction; preserve keyboard access where it is interactive; avoid unnecessary animation under `prefers-reduced-motion`; and pause expensive rendering while off-screen or the tab is hidden. Use a clean TypeScript API and do not copy React Bits source code."
"React Bits","Components","Bubble Menu","https://www.reactbits.dev/components/bubble-menu","BubbleMenu","Floating circular expanding menu with staggered item reveal.","Build an original, reusable React component called **Bubble Menu**. Its visual behaviour should be: Floating circular expanding menu with staggered item reveal. Expose sensible props for content, colours, size, timing, intensity, and interaction; preserve keyboard access where it is interactive; avoid unnecessary animation under `prefers-reduced-motion`; and pause expensive rendering while off-screen or the tab is hidden. Use a clean TypeScript API and do not copy React Bits source code."
"React Bits","Components","Card Nav","https://www.reactbits.dev/components/card-nav","CardNav","Expandable navigation bar with card panels revealing nested links.","Build an original, reusable React component called **Card Nav**. Its visual behaviour should be: Expandable navigation bar with card panels revealing nested links. Expose sensible props for content, colours, size, timing, intensity, and interaction; preserve keyboard access where it is interactive; avoid unnecessary animation under `prefers-reduced-motion`; and pause expensive rendering while off-screen or the tab is hidden. Use a clean TypeScript API and do not copy React Bits source code."
"React Bits","Components","Card Swap","https://www.reactbits.dev/components/card-swap","CardSwap","Cards animate position swapping with smooth layout transitions.","Build an original, reusable React component called **Card Swap**. Its visual behaviour should be: Cards animate position swapping with smooth layout transitions. Expose sensible props for content, colours, size, timing, intensity, and interaction; preserve keyboard access where it is interactive; avoid unnecessary animation under `prefers-reduced-motion`; and pause expensive rendering while off-screen or the tab is hidden. Use a clean TypeScript API and do not copy React Bits source code."
"React Bits","Components","Carousel","https://www.reactbits.dev/components/carousel","Carousel","Responsive carousel with touch gestures, looping and transitions.","Build an original, reusable React component called **Carousel**. Its visual behaviour should be: Responsive carousel with touch gestures, looping and transitions. Expose sensible props for content, colours, size, timing, intensity, and interaction; preserve keyboard access where it is interactive; avoid unnecessary animation under `prefers-reduced-motion`; and pause expensive rendering while off-screen or the tab is hidden. Use a clean TypeScript API and do not copy React Bits source code."
"React Bits","Components","Chroma Grid","https://www.reactbits.dev/components/chroma-grid","ChromaGrid","A responsive grid of grayscale tiles. Hovering the grid reaveals their colors.","Build an original, reusable React component called **Chroma Grid**. Its visual behaviour should be: A responsive grid of grayscale tiles. Hovering the grid reaveals their colors. Expose sensible props for content, colours, size, timing, intensity, and interaction; preserve keyboard access where it is interactive; avoid unnecessary animation under `prefers-reduced-motion`; and pause expensive rendering while off-screen or the tab is hidden. Use a clean TypeScript API and do not copy React Bits source code."
"React Bits","Components","Circular Gallery","https://www.reactbits.dev/components/circular-gallery","CircularGallery","Circular orbit gallery rotating images.","Build an original, reusable React component called **Circular Gallery**. Its visual behaviour should be: Circular orbit gallery rotating images. Expose sensible props for content, colours, size, timing, intensity, and interaction; preserve keyboard access where it is interactive; avoid unnecessary animation under `prefers-reduced-motion`; and pause expensive rendering while off-screen or the tab is hidden. Use a clean TypeScript API and do not copy React Bits source code."
"React Bits","Components","Counter","https://www.reactbits.dev/components/counter","Counter","Flexible animated counter supporting increments + easing.","Build an original, reusable React component called **Counter**. Its visual behaviour should be: Flexible animated counter supporting increments + easing. Expose sensible props for content, colours, size, timing, intensity, and interaction; preserve keyboard access where it is interactive; avoid unnecessary animation under `prefers-reduced-motion`; and pause expensive rendering while off-screen or the tab is hidden. Use a clean TypeScript API and do not copy React Bits source code."
"React Bits","Components","Curved Input","https://www.reactbits.dev/components/curved-input","CurvedInput","Arc-bent input bar with text, caret and submit button all following the curve.","Build an original, reusable React component called **Curved Input**. Its visual behaviour should be: Arc-bent input bar with text, caret and submit button all following the curve. Expose sensible props for content, colours, size, timing, intensity, and interaction; preserve keyboard access where it is interactive; avoid unnecessary animation under `prefers-reduced-motion`; and pause expensive rendering while off-screen or the tab is hidden. Use a clean TypeScript API and do not copy React Bits source code."
"React Bits","Components","Decay Card","https://www.reactbits.dev/components/decay-card","DecayCard","Hover parallax effect that disintegrates the content of a card.","Build an original, reusable React component called **Decay Card**. Its visual behaviour should be: Hover parallax effect that disintegrates the content of a card. Expose sensible props for content, colours, size, timing, intensity, and interaction; preserve keyboard access where it is interactive; avoid unnecessary animation under `prefers-reduced-motion`; and pause expensive rendering while off-screen or the tab is hidden. Use a clean TypeScript API and do not copy React Bits source code."
"React Bits","Components","Depth Carousel","https://www.reactbits.dev/components/depth-carousel","DepthCarousel","Cards recede into depth on a 3D rail, with drag, keyboard and auto-advance.","Build an original, reusable React component called **Depth Carousel**. Its visual behaviour should be: Cards recede into depth on a 3D rail, with drag, keyboard and auto-advance. Expose sensible props for content, colours, size, timing, intensity, and interaction; preserve keyboard access where it is interactive; avoid unnecessary animation under `prefers-reduced-motion`; and pause expensive rendering while off-screen or the tab is hidden. Use a clean TypeScript API and do not copy React Bits source code."
"React Bits","Components","Dock","https://www.reactbits.dev/components/dock","Dock","macOS style magnifying dock with proximity scaling of icons.","Build an original, reusable React component called **Dock**. Its visual behaviour should be: macOS style magnifying dock with proximity scaling of icons. Expose sensible props for content, colours, size, timing, intensity, and interaction; preserve keyboard access where it is interactive; avoid unnecessary animation under `prefers-reduced-motion`; and pause expensive rendering while off-screen or the tab is hidden. Use a clean TypeScript API and do not copy React Bits source code."
"React Bits","Components","Dome Gallery","https://www.reactbits.dev/components/dome-gallery","DomeGallery","Immersive 3D dome gallery projecting images on a hemispheric surface.","Build an original, reusable React component called **Dome Gallery**. Its visual behaviour should be: Immersive 3D dome gallery projecting images on a hemispheric surface. Expose sensible props for content, colours, size, timing, intensity, and interaction; preserve keyboard access where it is interactive; avoid unnecessary animation under `prefers-reduced-motion`; and pause expensive rendering while off-screen or the tab is hidden. Use a clean TypeScript API and do not copy React Bits source code."
"React Bits","Components","Drift Wall","https://www.reactbits.dev/components/drift-wall","DriftWall","An endless perspective wall of tiles drifting past, lifting on hover.","Build an original, reusable React component called **Drift Wall**. Its visual behaviour should be: An endless perspective wall of tiles drifting past, lifting on hover. Expose sensible props for content, colours, size, timing, intensity, and interaction; preserve keyboard access where it is interactive; avoid unnecessary animation under `prefers-reduced-motion`; and pause expensive rendering while off-screen or the tab is hidden. Use a clean TypeScript API and do not copy React Bits source code."
"React Bits","Components","Elastic Slider","https://www.reactbits.dev/components/elastic-slider","ElasticSlider","Slider handle stretches elastically then snaps with spring physics.","Build an original, reusable React component called **Elastic Slider**. Its visual behaviour should be: Slider handle stretches elastically then snaps with spring physics. Expose sensible props for content, colours, size, timing, intensity, and interaction; preserve keyboard access where it is interactive; avoid unnecessary animation under `prefers-reduced-motion`; and pause expensive rendering while off-screen or the tab is hidden. Use a clean TypeScript API and do not copy React Bits source code."
"React Bits","Components","Flowing Menu","https://www.reactbits.dev/components/flowing-menu","FlowingMenu","Liquid flowing active indicator glides between menu items.","Build an original, reusable React component called **Flowing Menu**. Its visual behaviour should be: Liquid flowing active indicator glides between menu items. Expose sensible props for content, colours, size, timing, intensity, and interaction; preserve keyboard access where it is interactive; avoid unnecessary animation under `prefers-reduced-motion`; and pause expensive rendering while off-screen or the tab is hidden. Use a clean TypeScript API and do not copy React Bits source code."
"React Bits","Components","Fluid Glass","https://www.reactbits.dev/components/fluid-glass","FluidGlass","Glassmorphism container with animated liquid distortion refraction.","Build an original, reusable React component called **Fluid Glass**. Its visual behaviour should be: Glassmorphism container with animated liquid distortion refraction. Expose sensible props for content, colours, size, timing, intensity, and interaction; preserve keyboard access where it is interactive; avoid unnecessary animation under `prefers-reduced-motion`; and pause expensive rendering while off-screen or the tab is hidden. Use a clean TypeScript API and do not copy React Bits source code."
"React Bits","Components","Flying Posters","https://www.reactbits.dev/components/flying-posters","FlyingPosters","3D posters rotate on scroll infinitely.","Build an original, reusable React component called **Flying Posters**. Its visual behaviour should be: 3D posters rotate on scroll infinitely. Expose sensible props for content, colours, size, timing, intensity, and interaction; preserve keyboard access where it is interactive; avoid unnecessary animation under `prefers-reduced-motion`; and pause expensive rendering while off-screen or the tab is hidden. Use a clean TypeScript API and do not copy React Bits source code."
"React Bits","Components","Folder","https://www.reactbits.dev/components/folder","Folder","Interactive folder opens to reveal nested content smooth motion.","Build an original, reusable React component called **Folder**. Its visual behaviour should be: Interactive folder opens to reveal nested content smooth motion. Expose sensible props for content, colours, size, timing, intensity, and interaction; preserve keyboard access where it is interactive; avoid unnecessary animation under `prefers-reduced-motion`; and pause expensive rendering while off-screen or the tab is hidden. Use a clean TypeScript API and do not copy React Bits source code."
"React Bits","Components","Glass Icons","https://www.reactbits.dev/components/glass-icons","GlassIcons","Icon set styled with frosted glass blur.","Build an original, reusable React component called **Glass Icons**. Its visual behaviour should be: Icon set styled with frosted glass blur. Expose sensible props for content, colours, size, timing, intensity, and interaction; preserve keyboard access where it is interactive; avoid unnecessary animation under `prefers-reduced-motion`; and pause expensive rendering while off-screen or the tab is hidden. Use a clean TypeScript API and do not copy React Bits source code."
"React Bits","Components","Glass Surface","https://www.reactbits.dev/components/glass-surface","GlassSurface","Advanced Apple-style glass surface with real-time distortion + lighting.","Build an original, reusable React component called **Glass Surface**. Its visual behaviour should be: Advanced Apple-style glass surface with real-time distortion + lighting. Expose sensible props for content, colours, size, timing, intensity, and interaction; preserve keyboard access where it is interactive; avoid unnecessary animation under `prefers-reduced-motion`; and pause expensive rendering while off-screen or the tab is hidden. Use a clean TypeScript API and do not copy React Bits source code."
"React Bits","Components","Gooey Nav","https://www.reactbits.dev/components/gooey-nav","GooeyNav","Navigation indicator morphs with gooey blob transitions between items.","Build an original, reusable React component called **Gooey Nav**. Its visual behaviour should be: Navigation indicator morphs with gooey blob transitions between items. Expose sensible props for content, colours, size, timing, intensity, and interaction; preserve keyboard access where it is interactive; avoid unnecessary animation under `prefers-reduced-motion`; and pause expensive rendering while off-screen or the tab is hidden. Use a clean TypeScript API and do not copy React Bits source code."
"React Bits","Components","Infinite Menu","https://www.reactbits.dev/components/infinite-menu","InfiniteMenu","Horizontally looping menu effect that scrolls endlessly with seamless wrap.","Build an original, reusable React component called **Infinite Menu**. Its visual behaviour should be: Horizontally looping menu effect that scrolls endlessly with seamless wrap. Expose sensible props for content, colours, size, timing, intensity, and interaction; preserve keyboard access where it is interactive; avoid unnecessary animation under `prefers-reduced-motion`; and pause expensive rendering while off-screen or the tab is hidden. Use a clean TypeScript API and do not copy React Bits source code."
"React Bits","Components","Infinite Spiral","https://www.reactbits.dev/components/infinite-spiral","InfiniteSpiral","An endlessly looping 3D helix of images with customizable motion, depth, spacing and interaction.","Build an original, reusable React component called **Infinite Spiral**. Its visual behaviour should be: An endlessly looping 3D helix of images with customizable motion, depth, spacing and interaction. Expose sensible props for content, colours, size, timing, intensity, and interaction; preserve keyboard access where it is interactive; avoid unnecessary animation under `prefers-reduced-motion`; and pause expensive rendering while off-screen or the tab is hidden. Use a clean TypeScript API and do not copy React Bits source code."
"React Bits","Components","Lanyard","https://www.reactbits.dev/components/lanyard","Lanyard","Swinging 3D lanyard / badge card with realistic inertial motion.","Build an original, reusable React component called **Lanyard**. Its visual behaviour should be: Swinging 3D lanyard / badge card with realistic inertial motion. Expose sensible props for content, colours, size, timing, intensity, and interaction; preserve keyboard access where it is interactive; avoid unnecessary animation under `prefers-reduced-motion`; and pause expensive rendering while off-screen or the tab is hidden. Use a clean TypeScript API and do not copy React Bits source code."
"React Bits","Components","Line Sidebar","https://www.reactbits.dev/components/line-sidebar","LineSidebar","Static list navigation with a cursor-proximity effect that shifts and highlights nearby items.","Build an original, reusable React component called **Line Sidebar**. Its visual behaviour should be: Static list navigation with a cursor-proximity effect that shifts and highlights nearby items. Expose sensible props for content, colours, size, timing, intensity, and interaction; preserve keyboard access where it is interactive; avoid unnecessary animation under `prefers-reduced-motion`; and pause expensive rendering while off-screen or the tab is hidden. Use a clean TypeScript API and do not copy React Bits source code."
"React Bits","Components","Magic Bento","https://www.reactbits.dev/components/magic-bento","MagicBento","Interactive bento grid tiles expand + animate with various options.","Build an original, reusable React component called **Magic Bento**. Its visual behaviour should be: Interactive bento grid tiles expand + animate with various options. Expose sensible props for content, colours, size, timing, intensity, and interaction; preserve keyboard access where it is interactive; avoid unnecessary animation under `prefers-reduced-motion`; and pause expensive rendering while off-screen or the tab is hidden. Use a clean TypeScript API and do not copy React Bits source code."
"React Bits","Components","Masonry","https://www.reactbits.dev/components/masonry","Masonry","Responsive masonry layout with animated reflow + gaps optimization.","Build an original, reusable React component called **Masonry**. Its visual behaviour should be: Responsive masonry layout with animated reflow + gaps optimization. Expose sensible props for content, colours, size, timing, intensity, and interaction; preserve keyboard access where it is interactive; avoid unnecessary animation under `prefers-reduced-motion`; and pause expensive rendering while off-screen or the tab is hidden. Use a clean TypeScript API and do not copy React Bits source code."
"React Bits","Components","Model Viewer","https://www.reactbits.dev/components/model-viewer","ModelViewer","Three.js model viewer with orbit controls and lighting presets.","Build an original, reusable React component called **Model Viewer**. Its visual behaviour should be: Three.js model viewer with orbit controls and lighting presets. Expose sensible props for content, colours, size, timing, intensity, and interaction; preserve keyboard access where it is interactive; avoid unnecessary animation under `prefers-reduced-motion`; and pause expensive rendering while off-screen or the tab is hidden. Use a clean TypeScript API and do not copy React Bits source code."
"React Bits","Components","Morph Slider","https://www.reactbits.dev/components/morph-slider","MorphSlider","WebGL slider that melts between images with a displacement transition.","Build an original, reusable React component called **Morph Slider**. Its visual behaviour should be: WebGL slider that melts between images with a displacement transition. Expose sensible props for content, colours, size, timing, intensity, and interaction; preserve keyboard access where it is interactive; avoid unnecessary animation under `prefers-reduced-motion`; and pause expensive rendering while off-screen or the tab is hidden. Use a clean TypeScript API and do not copy React Bits source code."
"React Bits","Components","Option Wheel","https://www.reactbits.dev/components/option-wheel","OptionWheel","Curved option picker that spins via scroll, drag, or arrow keys, fading and tilting items away from the selection.","Build an original, reusable React component called **Option Wheel**. Its visual behaviour should be: Curved option picker that spins via scroll, drag, or arrow keys, fading and tilting items away from the selection. Expose sensible props for content, colours, size, timing, intensity, and interaction; preserve keyboard access where it is interactive; avoid unnecessary animation under `prefers-reduced-motion`; and pause expensive rendering while off-screen or the tab is hidden. Use a clean TypeScript API and do not copy React Bits source code."
"React Bits","Components","Pill Nav","https://www.reactbits.dev/components/pill-nav","PillNav","Minimal pill nav with sliding active highlight + smooth easing.","Build an original, reusable React component called **Pill Nav**. Its visual behaviour should be: Minimal pill nav with sliding active highlight + smooth easing. Expose sensible props for content, colours, size, timing, intensity, and interaction; preserve keyboard access where it is interactive; avoid unnecessary animation under `prefers-reduced-motion`; and pause expensive rendering while off-screen or the tab is hidden. Use a clean TypeScript API and do not copy React Bits source code."
"React Bits","Components","Pixel Card","https://www.reactbits.dev/components/pixel-card","PixelCard","Card content revealed through pixel expansion transition.","Build an original, reusable React component called **Pixel Card**. Its visual behaviour should be: Card content revealed through pixel expansion transition. Expose sensible props for content, colours, size, timing, intensity, and interaction; preserve keyboard access where it is interactive; avoid unnecessary animation under `prefers-reduced-motion`; and pause expensive rendering while off-screen or the tab is hidden. Use a clean TypeScript API and do not copy React Bits source code."
"React Bits","Components","Profile Card","https://www.reactbits.dev/components/profile-card","ProfileCard","Animated profile card glare with 3D hover effect.","Build an original, reusable React component called **Profile Card**. Its visual behaviour should be: Animated profile card glare with 3D hover effect. Expose sensible props for content, colours, size, timing, intensity, and interaction; preserve keyboard access where it is interactive; avoid unnecessary animation under `prefers-reduced-motion`; and pause expensive rendering while off-screen or the tab is hidden. Use a clean TypeScript API and do not copy React Bits source code."
"React Bits","Components","Reflective Card","https://www.reactbits.dev/components/reflective-card","ReflectiveCard","Card with dynamic webcam reflection and glare effects that respond to cursor movement.","Build an original, reusable React component called **Reflective Card**. Its visual behaviour should be: Card with dynamic webcam reflection and glare effects that respond to cursor movement. Expose sensible props for content, colours, size, timing, intensity, and interaction; preserve keyboard access where it is interactive; avoid unnecessary animation under `prefers-reduced-motion`; and pause expensive rendering while off-screen or the tab is hidden. Use a clean TypeScript API and do not copy React Bits source code."
"React Bits","Components","Scroll Stack","https://www.reactbits.dev/components/scroll-stack","ScrollStack","Overlapping card stack reveals on scroll with depth layering.","Build an original, reusable React component called **Scroll Stack**. Its visual behaviour should be: Overlapping card stack reveals on scroll with depth layering. Expose sensible props for content, colours, size, timing, intensity, and interaction; preserve keyboard access where it is interactive; avoid unnecessary animation under `prefers-reduced-motion`; and pause expensive rendering while off-screen or the tab is hidden. Use a clean TypeScript API and do not copy React Bits source code."
"React Bits","Components","Specular Button","https://www.reactbits.dev/components/specular-button","SpecularButton","Glass button with a shader-driven specular rim light that sweeps around the edge and follows the cursor.","Build an original, reusable React component called **Specular Button**. Its visual behaviour should be: Glass button with a shader-driven specular rim light that sweeps around the edge and follows the cursor. Expose sensible props for content, colours, size, timing, intensity, and interaction; preserve keyboard access where it is interactive; avoid unnecessary animation under `prefers-reduced-motion`; and pause expensive rendering while off-screen or the tab is hidden. Use a clean TypeScript API and do not copy React Bits source code."
"React Bits","Components","Spotlight Card","https://www.reactbits.dev/components/spotlight-card","SpotlightCard","Dynamic spotlight follows cursor casting gradient illumination.","Build an original, reusable React component called **Spotlight Card**. Its visual behaviour should be: Dynamic spotlight follows cursor casting gradient illumination. Expose sensible props for content, colours, size, timing, intensity, and interaction; preserve keyboard access where it is interactive; avoid unnecessary animation under `prefers-reduced-motion`; and pause expensive rendering while off-screen or the tab is hidden. Use a clean TypeScript API and do not copy React Bits source code."
"React Bits","Components","Stack","https://www.reactbits.dev/components/stack","Stack","Layered stack with swipe animations, autoplay and smooth transitions.","Build an original, reusable React component called **Stack**. Its visual behaviour should be: Layered stack with swipe animations, autoplay and smooth transitions. Expose sensible props for content, colours, size, timing, intensity, and interaction; preserve keyboard access where it is interactive; avoid unnecessary animation under `prefers-reduced-motion`; and pause expensive rendering while off-screen or the tab is hidden. Use a clean TypeScript API and do not copy React Bits source code."
"React Bits","Components","Staggered Menu","https://www.reactbits.dev/components/staggered-menu","StaggeredMenu","Menu with staggered item animations and smooth transitions on open/close.","Build an original, reusable React component called **Staggered Menu**. Its visual behaviour should be: Menu with staggered item animations and smooth transitions on open/close. Expose sensible props for content, colours, size, timing, intensity, and interaction; preserve keyboard access where it is interactive; avoid unnecessary animation under `prefers-reduced-motion`; and pause expensive rendering while off-screen or the tab is hidden. Use a clean TypeScript API and do not copy React Bits source code."
"React Bits","Components","Stepper","https://www.reactbits.dev/components/stepper","Stepper","Animated multi-step progress indicator with active state transitions.","Build an original, reusable React component called **Stepper**. Its visual behaviour should be: Animated multi-step progress indicator with active state transitions. Expose sensible props for content, colours, size, timing, intensity, and interaction; preserve keyboard access where it is interactive; avoid unnecessary animation under `prefers-reduced-motion`; and pause expensive rendering while off-screen or the tab is hidden. Use a clean TypeScript API and do not copy React Bits source code."
"React Bits","Components","Tilted Card","https://www.reactbits.dev/components/tilted-card","TiltedCard","3D perspective tilt card reacting to pointer.","Build an original, reusable React component called **Tilted Card**. Its visual behaviour should be: 3D perspective tilt card reacting to pointer. Expose sensible props for content, colours, size, timing, intensity, and interaction; preserve keyboard access where it is interactive; avoid unnecessary animation under `prefers-reduced-motion`; and pause expensive rendering while off-screen or the tab is hidden. Use a clean TypeScript API and do not copy React Bits source code."
"React Bits","Text Animations","ASCII Text","https://www.reactbits.dev/text-animations/ascii-text","ASCIIText","Renders text with an animated ASCII background for a retro feel.","Build an original, reusable React component called **ASCII Text**. Its visual behaviour should be: Renders text with an animated ASCII background for a retro feel. Expose sensible props for content, colours, size, timing, intensity, and interaction; preserve keyboard access where it is interactive; avoid unnecessary animation under `prefers-reduced-motion`; and pause expensive rendering while off-screen or the tab is hidden. Use a clean TypeScript API and do not copy React Bits source code."
"React Bits","Text Animations","Blur Text","https://www.reactbits.dev/text-animations/blur-text","BlurText","Text starts blurred then crisply resolves for a soft-focus reveal effect.","Build an original, reusable React component called **Blur Text**. Its visual behaviour should be: Text starts blurred then crisply resolves for a soft-focus reveal effect. Expose sensible props for content, colours, size, timing, intensity, and interaction; preserve keyboard access where it is interactive; avoid unnecessary animation under `prefers-reduced-motion`; and pause expensive rendering while off-screen or the tab is hidden. Use a clean TypeScript API and do not copy React Bits source code."
"React Bits","Text Animations","Circular Text","https://www.reactbits.dev/text-animations/circular-text","CircularText","Layouts characters around a circle with optional rotation animation.","Build an original, reusable React component called **Circular Text**. Its visual behaviour should be: Layouts characters around a circle with optional rotation animation. Expose sensible props for content, colours, size, timing, intensity, and interaction; preserve keyboard access where it is interactive; avoid unnecessary animation under `prefers-reduced-motion`; and pause expensive rendering while off-screen or the tab is hidden. Use a clean TypeScript API and do not copy React Bits source code."
"React Bits","Text Animations","Count Up","https://www.reactbits.dev/text-animations/count-up","CountUp","Animated number counter supporting formatting and decimals.","Build an original, reusable React component called **Count Up**. Its visual behaviour should be: Animated number counter supporting formatting and decimals. Expose sensible props for content, colours, size, timing, intensity, and interaction; preserve keyboard access where it is interactive; avoid unnecessary animation under `prefers-reduced-motion`; and pause expensive rendering while off-screen or the tab is hidden. Use a clean TypeScript API and do not copy React Bits source code."
"React Bits","Text Animations","Curved Loop","https://www.reactbits.dev/text-animations/curved-loop","CurvedLoop","Flowing looping text path along a customizable curve with drag interaction.","Build an original, reusable React component called **Curved Loop**. Its visual behaviour should be: Flowing looping text path along a customizable curve with drag interaction. Expose sensible props for content, colours, size, timing, intensity, and interaction; preserve keyboard access where it is interactive; avoid unnecessary animation under `prefers-reduced-motion`; and pause expensive rendering while off-screen or the tab is hidden. Use a clean TypeScript API and do not copy React Bits source code."
"React Bits","Text Animations","Decrypted Text","https://www.reactbits.dev/text-animations/decrypted-text","DecryptedText","Hacker-style decryption cycling random glyphs until resolving to real text.","Build an original, reusable React component called **Decrypted Text**. Its visual behaviour should be: Hacker-style decryption cycling random glyphs until resolving to real text. Expose sensible props for content, colours, size, timing, intensity, and interaction; preserve keyboard access where it is interactive; avoid unnecessary animation under `prefers-reduced-motion`; and pause expensive rendering while off-screen or the tab is hidden. Use a clean TypeScript API and do not copy React Bits source code."
"React Bits","Text Animations","Depth Text","https://www.reactbits.dev/text-animations/depth-text","DepthText","Layered extruded type with parallax that shifts against the pointer.","Build an original, reusable React component called **Depth Text**. Its visual behaviour should be: Layered extruded type with parallax that shifts against the pointer. Expose sensible props for content, colours, size, timing, intensity, and interaction; preserve keyboard access where it is interactive; avoid unnecessary animation under `prefers-reduced-motion`; and pause expensive rendering while off-screen or the tab is hidden. Use a clean TypeScript API and do not copy React Bits source code."
"React Bits","Text Animations","Echo Text","https://www.reactbits.dev/text-animations/echo-text","EchoText","Ghosted copies trail behind the text and settle into a single word.","Build an original, reusable React component called **Echo Text**. Its visual behaviour should be: Ghosted copies trail behind the text and settle into a single word. Expose sensible props for content, colours, size, timing, intensity, and interaction; preserve keyboard access where it is interactive; avoid unnecessary animation under `prefers-reduced-motion`; and pause expensive rendering while off-screen or the tab is hidden. Use a clean TypeScript API and do not copy React Bits source code."
"React Bits","Text Animations","Falling Text","https://www.reactbits.dev/text-animations/falling-text","FallingText","Characters fall with gravity + bounce creating a playful entrance.","Build an original, reusable React component called **Falling Text**. Its visual behaviour should be: Characters fall with gravity + bounce creating a playful entrance. Expose sensible props for content, colours, size, timing, intensity, and interaction; preserve keyboard access where it is interactive; avoid unnecessary animation under `prefers-reduced-motion`; and pause expensive rendering while off-screen or the tab is hidden. Use a clean TypeScript API and do not copy React Bits source code."
"React Bits","Text Animations","Fold Text","https://www.reactbits.dev/text-animations/fold-text","FoldText","Lines unfold into place like creased paper opening flat.","Build an original, reusable React component called **Fold Text**. Its visual behaviour should be: Lines unfold into place like creased paper opening flat. Expose sensible props for content, colours, size, timing, intensity, and interaction; preserve keyboard access where it is interactive; avoid unnecessary animation under `prefers-reduced-motion`; and pause expensive rendering while off-screen or the tab is hidden. Use a clean TypeScript API and do not copy React Bits source code."
"React Bits","Text Animations","Fuzzy Text","https://www.reactbits.dev/text-animations/fuzzy-text","FuzzyText","Vibrating fuzzy text with controllable hover intensity.","Build an original, reusable React component called **Fuzzy Text**. Its visual behaviour should be: Vibrating fuzzy text with controllable hover intensity. Expose sensible props for content, colours, size, timing, intensity, and interaction; preserve keyboard access where it is interactive; avoid unnecessary animation under `prefers-reduced-motion`; and pause expensive rendering while off-screen or the tab is hidden. Use a clean TypeScript API and do not copy React Bits source code."
"React Bits","Text Animations","Glitch Text","https://www.reactbits.dev/text-animations/glitch-text","GlitchText","RGB split and distortion glitch effect with jitter effects.","Build an original, reusable React component called **Glitch Text**. Its visual behaviour should be: RGB split and distortion glitch effect with jitter effects. Expose sensible props for content, colours, size, timing, intensity, and interaction; preserve keyboard access where it is interactive; avoid unnecessary animation under `prefers-reduced-motion`; and pause expensive rendering while off-screen or the tab is hidden. Use a clean TypeScript API and do not copy React Bits source code."
"React Bits","Text Animations","Gradient Text","https://www.reactbits.dev/text-animations/gradient-text","GradientText","Animated gradient sweep across live text with speed and color control.","Build an original, reusable React component called **Gradient Text**. Its visual behaviour should be: Animated gradient sweep across live text with speed and color control. Expose sensible props for content, colours, size, timing, intensity, and interaction; preserve keyboard access where it is interactive; avoid unnecessary animation under `prefers-reduced-motion`; and pause expensive rendering while off-screen or the tab is hidden. Use a clean TypeScript API and do not copy React Bits source code."
"React Bits","Text Animations","Masked Heading","https://www.reactbits.dev/text-animations/masked-heading","MaskedHeading","A large headline with a drifting colour mesh or image showing through the glyphs, revealed word by word.","Build an original, reusable React component called **Masked Heading**. Its visual behaviour should be: A large headline with a drifting colour mesh or image showing through the glyphs, revealed word by word. Expose sensible props for content, colours, size, timing, intensity, and interaction; preserve keyboard access where it is interactive; avoid unnecessary animation under `prefers-reduced-motion`; and pause expensive rendering while off-screen or the tab is hidden. Use a clean TypeScript API and do not copy React Bits source code."
"React Bits","Text Animations","Particle Text","https://www.reactbits.dev/text-animations/particle-text","ParticleText","Text assembles from drifting particles that scatter and reform on demand.","Build an original, reusable React component called **Particle Text**. Its visual behaviour should be: Text assembles from drifting particles that scatter and reform on demand. Expose sensible props for content, colours, size, timing, intensity, and interaction; preserve keyboard access where it is interactive; avoid unnecessary animation under `prefers-reduced-motion`; and pause expensive rendering while off-screen or the tab is hidden. Use a clean TypeScript API and do not copy React Bits source code."
"React Bits","Text Animations","Rotating Text","https://www.reactbits.dev/text-animations/rotating-text","RotatingText","Cycles through multiple phrases with 3D rotate / flip transitions.","Build an original, reusable React component called **Rotating Text**. Its visual behaviour should be: Cycles through multiple phrases with 3D rotate / flip transitions. Expose sensible props for content, colours, size, timing, intensity, and interaction; preserve keyboard access where it is interactive; avoid unnecessary animation under `prefers-reduced-motion`; and pause expensive rendering while off-screen or the tab is hidden. Use a clean TypeScript API and do not copy React Bits source code."
"React Bits","Text Animations","Scrambled Text","https://www.reactbits.dev/text-animations/scrambled-text","ScrambledText","Detects cursor position and applies a distortion effect to text.","Build an original, reusable React component called **Scrambled Text**. Its visual behaviour should be: Detects cursor position and applies a distortion effect to text. Expose sensible props for content, colours, size, timing, intensity, and interaction; preserve keyboard access where it is interactive; avoid unnecessary animation under `prefers-reduced-motion`; and pause expensive rendering while off-screen or the tab is hidden. Use a clean TypeScript API and do not copy React Bits source code."
"React Bits","Text Animations","Scroll Float","https://www.reactbits.dev/text-animations/scroll-float","ScrollFloat","Text gently floats / parallax shifts on scroll.","Build an original, reusable React component called **Scroll Float**. Its visual behaviour should be: Text gently floats / parallax shifts on scroll. Expose sensible props for content, colours, size, timing, intensity, and interaction; preserve keyboard access where it is interactive; avoid unnecessary animation under `prefers-reduced-motion`; and pause expensive rendering while off-screen or the tab is hidden. Use a clean TypeScript API and do not copy React Bits source code."
"React Bits","Text Animations","Scroll Reveal","https://www.reactbits.dev/text-animations/scroll-reveal","ScrollReveal","Text gently unblurs and reveals on scroll.","Build an original, reusable React component called **Scroll Reveal**. Its visual behaviour should be: Text gently unblurs and reveals on scroll. Expose sensible props for content, colours, size, timing, intensity, and interaction; preserve keyboard access where it is interactive; avoid unnecessary animation under `prefers-reduced-motion`; and pause expensive rendering while off-screen or the tab is hidden. Use a clean TypeScript API and do not copy React Bits source code."
"React Bits","Text Animations","Scroll Velocity","https://www.reactbits.dev/text-animations/scroll-velocity","ScrollVelocity","Text marquee animatio - speed and distortion scale with user's scroll velocity.","Build an original, reusable React component called **Scroll Velocity**. Its visual behaviour should be: Text marquee animatio - speed and distortion scale with user's scroll velocity. Expose sensible props for content, colours, size, timing, intensity, and interaction; preserve keyboard access where it is interactive; avoid unnecessary animation under `prefers-reduced-motion`; and pause expensive rendering while off-screen or the tab is hidden. Use a clean TypeScript API and do not copy React Bits source code."
"React Bits","Text Animations","Shiny Text","https://www.reactbits.dev/text-animations/shiny-text","ShinyText","Metallic sheen sweeps across text producing a reflective highlight.","Build an original, reusable React component called **Shiny Text**. Its visual behaviour should be: Metallic sheen sweeps across text producing a reflective highlight. Expose sensible props for content, colours, size, timing, intensity, and interaction; preserve keyboard access where it is interactive; avoid unnecessary animation under `prefers-reduced-motion`; and pause expensive rendering while off-screen or the tab is hidden. Use a clean TypeScript API and do not copy React Bits source code."
"React Bits","Text Animations","Shuffle","https://www.reactbits.dev/text-animations/shuffle","Shuffle","Animated text reveal where characters shuffle before settling.","Build an original, reusable React component called **Shuffle**. Its visual behaviour should be: Animated text reveal where characters shuffle before settling. Expose sensible props for content, colours, size, timing, intensity, and interaction; preserve keyboard access where it is interactive; avoid unnecessary animation under `prefers-reduced-motion`; and pause expensive rendering while off-screen or the tab is hidden. Use a clean TypeScript API and do not copy React Bits source code."
"React Bits","Text Animations","Split Flap Text","https://www.reactbits.dev/text-animations/split-flap-text","SplitFlapText","Mechanical split-flap departure board that clacks through to each new phrase.","Build an original, reusable React component called **Split Flap Text**. Its visual behaviour should be: Mechanical split-flap departure board that clacks through to each new phrase. Expose sensible props for content, colours, size, timing, intensity, and interaction; preserve keyboard access where it is interactive; avoid unnecessary animation under `prefers-reduced-motion`; and pause expensive rendering while off-screen or the tab is hidden. Use a clean TypeScript API and do not copy React Bits source code."
"React Bits","Text Animations","Split Text","https://www.reactbits.dev/text-animations/split-text","SplitText","Splits text into characters / words for staggered entrance animation.","Build an original, reusable React component called **Split Text**. Its visual behaviour should be: Splits text into characters / words for staggered entrance animation. Expose sensible props for content, colours, size, timing, intensity, and interaction; preserve keyboard access where it is interactive; avoid unnecessary animation under `prefers-reduced-motion`; and pause expensive rendering while off-screen or the tab is hidden. Use a clean TypeScript API and do not copy React Bits source code."
"React Bits","Text Animations","Stroke Text","https://www.reactbits.dev/text-animations/stroke-text","StrokeText","Outlined letterforms draw themselves on, then flood with fill.","Build an original, reusable React component called **Stroke Text**. Its visual behaviour should be: Outlined letterforms draw themselves on, then flood with fill. Expose sensible props for content, colours, size, timing, intensity, and interaction; preserve keyboard access where it is interactive; avoid unnecessary animation under `prefers-reduced-motion`; and pause expensive rendering while off-screen or the tab is hidden. Use a clean TypeScript API and do not copy React Bits source code."
"React Bits","Text Animations","Text Cursor","https://www.reactbits.dev/text-animations/text-cursor","TextCursor","Make any text element follow your cursor, leaving a trail of copies behind it.","Build an original, reusable React component called **Text Cursor**. Its visual behaviour should be: Make any text element follow your cursor, leaving a trail of copies behind it. Expose sensible props for content, colours, size, timing, intensity, and interaction; preserve keyboard access where it is interactive; avoid unnecessary animation under `prefers-reduced-motion`; and pause expensive rendering while off-screen or the tab is hidden. Use a clean TypeScript API and do not copy React Bits source code."
"React Bits","Text Animations","Text Loop","https://www.reactbits.dev/text-animations/text-loop","TextLoop","A seamless text marquee that flows along curved SVG paths.","Build an original, reusable React component called **Text Loop**. Its visual behaviour should be: A seamless text marquee that flows along curved SVG paths. Expose sensible props for content, colours, size, timing, intensity, and interaction; preserve keyboard access where it is interactive; avoid unnecessary animation under `prefers-reduced-motion`; and pause expensive rendering while off-screen or the tab is hidden. Use a clean TypeScript API and do not copy React Bits source code."
"React Bits","Text Animations","Text Pressure","https://www.reactbits.dev/text-animations/text-pressure","TextPressure","Characters scale / warp interactively based on pointer pressure zone.","Build an original, reusable React component called **Text Pressure**. Its visual behaviour should be: Characters scale / warp interactively based on pointer pressure zone. Expose sensible props for content, colours, size, timing, intensity, and interaction; preserve keyboard access where it is interactive; avoid unnecessary animation under `prefers-reduced-motion`; and pause expensive rendering while off-screen or the tab is hidden. Use a clean TypeScript API and do not copy React Bits source code."
"React Bits","Text Animations","Text Type","https://www.reactbits.dev/text-animations/text-type","TextType","Typewriter effect with blinking cursor and adjustable typing cadence.","Build an original, reusable React component called **Text Type**. Its visual behaviour should be: Typewriter effect with blinking cursor and adjustable typing cadence. Expose sensible props for content, colours, size, timing, intensity, and interaction; preserve keyboard access where it is interactive; avoid unnecessary animation under `prefers-reduced-motion`; and pause expensive rendering while off-screen or the tab is hidden. Use a clean TypeScript API and do not copy React Bits source code."
"React Bits","Text Animations","True Focus","https://www.reactbits.dev/text-animations/true-focus","TrueFocus","Applies dynamic blur / clarity based over a series of words in order.","Build an original, reusable React component called **True Focus**. Its visual behaviour should be: Applies dynamic blur / clarity based over a series of words in order. Expose sensible props for content, colours, size, timing, intensity, and interaction; preserve keyboard access where it is interactive; avoid unnecessary animation under `prefers-reduced-motion`; and pause expensive rendering while off-screen or the tab is hidden. Use a clean TypeScript API and do not copy React Bits source code."
"React Bits","Text Animations","Variable Proximity","https://www.reactbits.dev/text-animations/variable-proximity","VariableProximity","Letter styling changes continuously with pointer distance mapping.","Build an original, reusable React component called **Variable Proximity**. Its visual behaviour should be: Letter styling changes continuously with pointer distance mapping. Expose sensible props for content, colours, size, timing, intensity, and interaction; preserve keyboard access where it is interactive; avoid unnecessary animation under `prefers-reduced-motion`; and pause expensive rendering while off-screen or the tab is hidden. Use a clean TypeScript API and do not copy React Bits source code."
"React Bits","Text Animations","Warp Text","https://www.reactbits.dev/text-animations/warp-text","WarpText","WebGL warp that bends and refracts the text around the pointer.","Build an original, reusable React component called **Warp Text**. Its visual behaviour should be: WebGL warp that bends and refracts the text around the pointer. Expose sensible props for content, colours, size, timing, intensity, and interaction; preserve keyboard access where it is interactive; avoid unnecessary animation under `prefers-reduced-motion`; and pause expensive rendering while off-screen or the tab is hidden. Use a clean TypeScript API and do not copy React Bits source code."
